Mining Diamond HH Number,Branch,Associate Number,Associate Name,OSA/ASA,Serviced by Other Associate,Other Associate Name,Client Last Name,Client First Name,Client Date of Birth,Client Age,Client Type,Presence of Children,Dual Income Household,Newly Married,New Parent,Renter or Homeowner,Extended Family Household,Recently moved or purchased a home,Business/Trust Policy,Preferred Contact Method,Contact Indicator,Area Code,Phone Number,E-Mail Address,Address Type,Address,City,State,Zip Code,Client Segment,Asset Segment,Wealth Segment,Carrier Name,Policy Number,Register Date,Policy Tenure,Last Purchase,Product Line of Business,Product Line,Product Group,Product,Product Type,Household Income Band,SoW%,Household Investable Asset,Account Value,Cash Value,Coverage Amount,Hardship within the last 12 Months,HH Brokerage Account Value,HH Annuity Account Value,HH Life Coverage Amount,Present Value,Possible Interest in Investing in Life Insurance,Likelihood to have a Life Insurance Policy,Likelihood to have a Retirement Financial Plan,Invest: Participate in Online Trading,Lifestyle: High Frequency Business Traveller,Invest: Brokerage Account Owner,Last Contibution Date,Term Conversion,New Parent Family Protection,Newly Married Family Protection,RMD Maximization,70 (max age to delay Socsec for max benefit),65 (File Medicare),62 (soc sec),55 (Preparing for Retirement),50 (Catch-up Contribution),59.5 (start w/d w/o penalty),Asset Management,Business/Trust Insur Policy Audit,Asset Allocation Review,Client Flight Risk (Retention),Restart,(Raise) Increase Contibution,(Rollover) New Retirement Client Asset,Total Account Value,Household Account Value,HH Policy Count,Recently Transitioned
80000,XYZ,12345,ABCD,ASA,306776.0,Liam Nelson,Martinez,Brittany,1980-09-27,46,Person,Yes,,No,No,,Yes,,,Home Telephone,Allowed,617.0,735-555-6927,marywilliams@example.com,Residence ,9404 Park Ave,New York,NY,69037-8403,40-52: Wealth Builder,$100k-$300K: Upper Core,Protect,Equitable,PK-00001,2000-01-12,13,10+ yrs,Group Retirement,Annuity,Equivest,Equivest,SEP,"$100,000 - $149,999",0.8198,422646.99,346486.0,0.0,0.0,,,162000.0,,Group B,,,,,,,2026-04-10,,,Y,,,,,,,,,,Y,,,,,346486.0,346486.0,1,
80001,XYZ,12345,ABCD,ASA,788666.0,Noah Carter,James,Joshua,1969-10-15,57,Person,Yes,,No,Yes,,Yes,,,Home Telephone,Allowed,415.0,976-555-6309,michaelgarcia@example.com,Residence ,8398 Park Ave,New York,NY,15619-8327,53-64: Pre-Retire,$100k-$300K: Upper Core,Protect,Equitable,PK-00002,2000-01-12,4,10+ yrs,Group Retirement,Annuity,Equivest,Equivest,SEP,"$100,000 - $149,999",0.0644,30872065.22,141781.0,0.0,0.0,,,162000.0,,Group B,,,,,,,2026-04-05,,,,,,,,,,,,,Y,,,,,141781.0,1988161.0,5,
80001,XYZ,12345,ABCD,ASA,296118.0,Olivia Brooks,James,Ann,1978-04-17,48,Person,No,Yes,Yes,Yes,,,,,Mobile Telephone,Allowed,415.0,565-555-3372,patriciagarcia@example.com,Mailing ,8398 Park Ave,New York,NY,15619-8327,40-52: Wealth Builder,$25K-$50K: Lower Core ,Manage,Equitable,PK-00003,2022-08-09,4,2-5 yrs,Wealth Management/Brokerage,Mutual Fund,Outside Investments,Outside Investments/ Retirement,Direct Fund Accounts,"<$30,000",0.0644,30872065.22,179529.0,0.0,0.0,,2500.0,2000.0,4000.0,Group D,Yes,,,,,,2026-02-24,,Y,,,,,,,,,,,,,,,,179529.0,1988161.0,5,
80001,XYZ,12345,ABCD,ASA,296118.0,Olivia Brooks,James,Lawrence,1951-12-07,75,Person,Yes,,No,Yes,Homeowner,Yes,Yes,,Business Telephone,Allowed,415.0,590-555-7468,johngarcia@example.com,Mailing ,8398 Park Ave,New York,NY,15619-8327,65-79: Next Chapters,$100k-$300K: Upper Core,Protect,Equitable,PK-00004,2015-11-02,11,5-10 yrs,Wealth Management/Brokerage,Mutual Fund,Outside Investments,Outside Investments/ Retirement,Direct Fund Accounts,"$100,000 - $149,999",0.0644,30872065.22,751300.0,0.0,0.0,Yes,70000.0,,46000.0,Group B,,,,,,,2026-04-29,Y,Y,,Y,,,,,,,,,,,,Y,,751300.0,1988161.0,5,
80001,XYZ,12345,ABCD,ASA,788666.0,Noah Carter,James,Sarah,1974-07-13,52,Person,Yes,,Yes,No,,Yes,,,Home Telephone,Allowed,415.0,683-555-9640,jennifergarcia@example.com,Residence ,8398 Park Ave,New York,NY,15619-8327,40-52: Wealth Builder,$100k-$300K: Upper Core,Protect,Equitable,PK-00005,2000-01-12,11,10+ yrs,Group Retirement,Annuity,Equivest,Equivest,SEP,"$100,000 - $149,999",0.0644,30872065.22,337819.0,0.0,0.0,,,162000.0,,Group B,,,,,,,2026-03-24,,,,,,,,,,,,,Y,,,,,337819.0,1988161.0,5,
80001,XYZ,12345,ABCD,ASA,399927.0,Ava Foster,James,Angela,1956-08-12,70,Person,Yes,,No,No,Homeowner,,,,Home Telephone,Allowed,415.0,955-555-2839,marygarcia@example.com,Mailing ,8398 Park Ave,New York,NY,15619-8327,65-79: Next Chapters,$300K-$1M: Affluent ,Develop,Genworth Life Insurance Company,PK-00006,2001-07-19,13,10+ yrs,Equitable Network,Equitable Network Life,Equitable Network Life,Life Contract,Life Contract,"$150,000 - $249,999",0.0644,30872065.22,577732.0,0.0,0.0,,,,,Group B,,,,,,,2026-04-17,,,,Y,,,,,,,,,Y,,,,,577732.0,1988161.0,5,
80002,XYZ,12345,ABCD,OSA,619914.0,Emma Hayes,Myers,Larry,1997-08-27,29,Person,Yes,,Yes,No,,Yes,,,Home Telephone,Allowed,415.0,121-555-2570,johngarcia@example.com,Residence ,3712 Park Ave,New York,NY,12736-2216,<30: Career Starter,$100k-$300K: Upper Core,Protect,Equitable,PK-00007,2000-01-12,4,10+ yrs,Group Retirement,Annuity,Equivest,Equivest,SEP,"$100,000 - $149,999",0.887,1558904.17,157460.0,0.0,0.0,,,162000.0,,Group B,,,,,,,2026-03-21,,,,,,,,,,,,,Y,,,,,157460.0,1382748.0,5,
80002,XYZ,12345,ABCD,OSA,752257.0,Sophia Lane,Myers,Kimberly,1985-05-26,41,Person,Yes,,No,No,,Yes,,,Home Telephone,Allowed,415.0,793-555-9190,jennifergarcia@example.com,Residence ,3712 Park Ave,New York,NY,12736-2216,40-52: Wealth Builder,$100k-$300K: Upper Core,Protect,Equitable,PK-00008,2000-01-12,12,10+ yrs,Group Retirement,Annuity,Equivest,Equivest,SEP,"$100,000 - $149,999",0.887,1558904.17,203818.0,0.0,0.0,,,162000.0,,Group B,,,,,,,2026-04-10,,,,,,,,,,,,,Y,,,,,203818.0,1382748.0,5,
80002,XYZ,12345,ABCD,OSA,306776.0,Liam Nelson,Myers,Eugene,1952-08-17,74,Person,Yes,,Yes,No,,Yes,,,Home Telephone,Allowed,415.0,401-555-4719,michaelgarcia@example.com,Residence ,3712 Park Ave,New York,NY,12736-2216,65-79: Next Chapters,$100k-$300K: Upper Core,Protect,Equitable,PK-00009,2000-01-12,4,10+ yrs,Group Retirement,Annuity,Equivest,Equivest,SEP,"$100,000 - $149,999",0.887,1558904.17,264206.0,0.0,0.0,,,162000.0,,Group B,,,,,,,2026-02-18,,,,Y,,,,,,,,,Y,,,,,264206.0,1382748.0,5,
80002,XYZ,12345,ABCD,OSA,399927.0,Ava Foster,Myers,John,1968-04-12,58,Person,No,Yes,No,No,Probable Homeowner 80-89,,,,Mobile Telephone,Allowed,415.0,277-555-2894,michaelgarcia@example.com,Mailing ,3712 Park Ave,New York,NY,12736-2216,53-64: Pre-Retire,$25K-$50K: Lower Core ,Manage,Lincoln Life Insurance Annuity Co of NY,PK-00010,2020-06-17,10,2-5 yrs,Equitable Network,Equitable Network Annuity,Equitable Network Annuity,Annuity Contract,Annuity Contract,"<$30,000",0.887,1558904.17,679460.0,0.0,0.0,,2500.0,2000.0,4000.0,Group D,Yes,,,,,,2026-04-07,,,,,,,,,,,,Y,,,,,,679460.0,1382748.0,5,
80002,XYZ,12345,ABCD,OSA,296118.0,Olivia Brooks,Myers,Anthony,1972-06-14,54,Person,Yes,,No,No,,Yes,,,Home Telephone,Allowed,415.0,237-555-4148,robertgarcia@example.com,Residence ,3712 Park Ave,New York,NY,12736-2216,53-64: Pre-Retire,$100k-$300K: Upper Core,Protect,Equitable,PK-00011,2000-01-12,2,10+ yrs,Group Retirement,Annuity,Equivest,Equivest,SEP,"$100,000 - $149,999",0.887,1558904.17,77804.0,0.0,0.0,,,162000.0,,Group B,,,,,,,2026-02-06,,,,,,,,,,,,,Y,,,,,77804.0,1382748.0,5,
80003,XYZ,12345,ABCD,ASA,,,Romero,Julia,1985-02-24,41,Person,Yes,,No,No,Homeowner,,Yes,,Business Telephone,Allowed,310.0,126-555-2804,patriciabrown@example.com,Mailing ,1912 Park Ave,New York,NY,39409-2311,40-52: Wealth Builder,$100k-$300K: Upper Core,Maintain,Brighthouse Life Insurance Company,PK-00012,2016-02-24,7,5-10 yrs,Equitable Network,Equitable Network Life,Equitable Network Life,Life Contract,Life Contract,"$100,000 - $149,999",0.2859,8182924.1,748510.0,0.0,0.0,,,,,Group B,,,,,,,2026-04-09,,Y,,,,,,,,,Y,,,,,,,748510.0,2339498.0,2,
80003,XYZ,12345,ABCD,ASA,993626.0,Oliver Reed,Romero,Susan,2005-03-07,21,Person,Yes,,No,Yes,,,,,Home Telephone,Allowed,310.0,682-555-6150,patriciabrown@example.com,Mailing ,1912 Park Ave,New York,NY,39409-2311,<30: Career Starter,$100k-$300K: Upper Core,Develop,Equitable,PK-00013,2012-05-19,1,10+ yrs,Life,Life,Fixed Life,Term 30,Term 30,"$100,000 - $149,999",0.2859,8182924.1,0.0,318197.6,1590988.0,Yes,,,115000.0,Group D,,,,,,,2026-02-25,,Y,,,,,,,,,,,,,,,,1590988.0,2339498.0,2,
80004,XYZ,12345,ABCD,ASA,788666.0,Noah Carter,Castillo,Emily,1998-04-19,28,Person,Yes,,No,No,,Yes,,,Home Telephone,Allowed,310.0,162-555-6771,lindadavis@example.com,Residence ,623 Park Ave,New York,NY,56775-3167,<30: Career Starter,$100k-$300K: Upper Core,Protect,Equitable,PK-00014,2000-01-12,9,10+ yrs,Group Retirement,Annuity,Equivest,Equivest,SEP,"$100,000 - $149,999",0.7824,652797.8,510749.0,0.0,0.0,,,162000.0,,Group B,,,,,,,2026-04-18,,,,,,,,,,,,,Y,,,,,510749.0,510749.0,1,
80005,XYZ,12345,ABCD,ASA,886843.0,Liam Nelson,Walker,Amy,1963-09-28,63,Person,Yes,,No,No,,Yes,,,Home Telephone,Allowed,617.0,871-555-6368,lindamiller@example.com,Residence ,6494 Park Ave,New York,NY,89302-6747,53-64: Pre-Retire,$100k-$300K: Upper Core,Protect,Equitable,PK-00015,2000-01-12,1,10+ yrs,Group Retirement,Annuity,Equivest,Equivest,SEP,"$100,000 - $149,999",0.1285,5867867.7,401022.0,0.0,0.0,,,162000.0,,Group B,,,,,,,2026-04-10,,,Y,,,,,,,,,,Y,,,,,401022.0,754021.0,2,
80005,XYZ,12345,ABCD,ASA,788666.0,Noah Carter,Walker,Grace,1974-07-08,52,Person,Yes,,No,No,,Yes,,,Home Telephone,Allowed,617.0,508-555-8701,marymiller@example.com,Residence ,6494 Park Ave,New York,NY,89302-6747,40-52: Wealth Builder,$100k-$300K: Upper Core,Protect,Equitable,PK-00016,2000-01-12,7,10+ yrs,Group Retirement,Annuity,Equivest,Equivest,SEP,"$100,000 - $149,999",0.1285,5867867.7,352999.0,0.0,0.0,,,162000.0,,Group B,,,,,,,2026-03-29,,,,,,,,,,,,,Y,,,,,352999.0,754021.0,2,
80006,XYZ,12345,ABCD,ASA,415268.0,William Grant,Sanders,Russell,1960-09-10,66,Person,No,Yes,No,No,Probable Homeowner 80-89,,,,Mobile Telephone,Allowed,310.0,306-555-9139,michaeldavis@example.com,Mailing ,309 Park Ave,New York,NY,76059-5882,65-79: Next Chapters,$25K-$50K: Lower Core ,Manage,Lincoln Life Insurance Annuity Co of NY,PK-00017,2020-06-17,9,2-5 yrs,Equitable Network,Equitable Network Annuity,Equitable Network Annuity,Annuity Contract,Annuity Contract,"<$30,000",0.0103,93237864.08,157645.0,0.0,0.0,,2500.0,2000.0,4000.0,Group D,Yes,,,,,,2026-03-26,,Y,,,,,,,,,,Y,,,,,,157645.0,960350.0,3,
80006,XYZ,12345,ABCD,ASA,399927.0,Ava Foster,Sanders,Nancy,1960-09-10,66,Person,,,Yes,No,,,,,,,310.0,197-555-4821,marydavis@example.com,Residence ,309 Park Ave,New York,NY,76059-5882,65-79: Next Chapters,$300K-$1M: Affluent ,Develop,Equitable,PK-00018,2006-08-30,18,10+ yrs,Life,Life,Interest Sensitive,Univeral Life 2002,Univeral Life 2002,"$150,000 - $249,999",0.0103,93237864.08,0.0,70689.2,353446.0,,,,330000.0,Group C,,,,,,,2026-03-10,,,,,,,,,,,,,,,Y,,,353446.0,960350.0,3,
80006,XYZ,12345,ABCD,ASA,399927.0,Ava Foster,Sanders,Jordan,1975-08-24,51,Person,Yes,,Yes,Yes,,Yes,,,Home Telephone,Allowed,310.0,873-555-6408,michaeldavis@example.com,Residence ,309 Park Ave,New York,NY,76059-5882,40-52: Wealth Builder,$100k-$300K: Upper Core,Protect,Equitable,PK-00019,2000-01-12,15,10+ yrs,Group Retirement,Annuity,Equivest,Equivest,SEP,"$100,000 - $149,999",0.0103,93237864.08,449259.0,0.0,0.0,,,162000.0,,Group B,,,,,,,2026-01-31,,,,,,,,,,,,,Y,,,,,449259.0,960350.0,3,
80007,XYZ,12345,ABCD,ASA,886843.0,Liam Nelson,Mendoza,Kyle,1981-01-19,45,Person,Yes,,No,No,,Yes,,,Home Telephone,Allowed,212.0,178-555-1899,robertjones@example.com,Residence ,7305 Park Ave,New York,NY,93914-7334,40-52: Wealth Builder,$100k-$300K: Upper Core,Protect,Equitable,PK-00020,2000-01-12,12,10+ yrs,Group Retirement,Annuity,Equivest,Equivest,SEP,"$100,000 - $149,999",0.2443,12912234.96,23084.0,0.0,0.0,,,162000.0,,Group B,,,,,,,2026-03-07,,,Y,,,,,,,,,,Y,,,,,23084.0,3154459.0,6,Y
80007,XYZ,12345,ABCD,ASA,788666.0,Noah Carter,Mendoza,Randy,1951-05-03,75,Person,Yes,,No,No,Homeowner,,Yes,,Business Telephone,Allowed,212.0,133-555-6396,michaeljones@example.com,Mailing ,7305 Park Ave,New York,NY,93914-7334,65-79: Next Chapters,$100k-$300K: Upper Core,Maintain,Brighthouse Life Insurance Company,PK-00021,2016-02-24,16,5-10 yrs,Equitable Network,Equitable Network Life,Equitable Network Life,Life Contract,Life Contract,"$100,000 - $149,999",0.2443,12912234.96,645034.0,0.0,0.0,,,,,Group B,,,,,,,2026-02-17,,Y,,Y,,,,,,,Y,,,,,,,645034.0,3154459.0,6,Y
80007,XYZ,12345,ABCD,ASA,602271.0,William Grant,Mendoza,Vincent,1970-03-05,56,Person,,,No,No,,,,,,,212.0,373-555-3588,johnjones@example.com,Mailing ,7305 Park Ave,New York,NY,93914-7334,53-64: Pre-Retire,$1M+: Wealth ,Develop,AXA Equitable,PK-00022,1998-10-14,20,10+ yrs,Individual Retirement,Annuity,Accumulator,Income Manager,Accumulator NQ,"$500,000+",0.2443,12912234.96,340600.0,0.0,0.0,,,2520000.0,,Group B,,,,,,,2026-04-24,,,,,,,,,,,,,,,,,,340600.0,3154459.0,6,Y
80007,XYZ,12345,ABCD,ASA,752257.0,Sophia Lane,Mendoza,Brenda,1980-02-21,46,Person,Yes,,Yes,No,,Yes,,,Home Telephone,Allowed,212.0,497-555-7361,patriciajones@example.com,Residence ,7305 Park Ave,New York,NY,93914-7334,40-52: Wealth Builder,$100k-$300K: Upper Core,Protect,Equitable,PK-00023,2000-01-12,19,10+ yrs,Group Retirement,Annuity,Equivest,Equivest,SEP,"$100,000 - $149,999",0.2443,12912234.96,593826.0,0.0,0.0,,,162000.0,,Group B,,,,,,,2026-03-02,,,Y,,,,,,,,,,Y,,,,,593826.0,3154459.0,6,Y
80007,XYZ,12345,ABCD,ASA,296118.0,Olivia Brooks,Mendoza,Janice,2004-10-17,22,Person,,Yes,Yes,No,Homeowner,,,,Business Telephone,Allowed,212.0,804-555-2638,jenniferjones@example.com,Mailing ,7305 Park Ave,New York,NY,93914-7334,<30: Career Starter,$100k-$300K: Upper Core,Protect,Equitable,PK-00024,2016-11-05,9,5-10 yrs,Life,Life,Fixed Life,Term 20,Term 20,"$100,000 - $149,999",0.2443,12912234.96,0.0,297368.6,1486843.0,,,,156000.0,Group D,,,,,,,2026-03-11,,,,,,,,,,,,,,,,,,1486843.0,3154459.0,6,Y
80007,XYZ,12345,ABCD,ASA,306776.0,Liam Nelson,Mendoza,Johnny,1954-01-15,72,Person,Yes,,Yes,No,,Yes,,,Home Telephone,Allowed,212.0,836-555-8487,johnjones@example.com,Residence ,7305 Park Ave,New York,NY,93914-7334,65-79: Next Chapters,$100k-$300K: Upper Core,Protect,Equitable,PK-00025,2000-01-12,5,10+ yrs,Group Retirement,Annuity,Equivest,Equivest,SEP,"$100,000 - $149,999",0.2443,12912234.96,65072.0,0.0,0.0,,,162000.0,,Group B,,,,,,,2026-03-30,,,Y,Y,,,,,,,,,Y,Y,,,,65072.0,3154459.0,6,Y
80008,XYZ,12345,ABCD,ASA,993626.0,Oliver Reed,Long,Kenneth,1966-08-09,60,Person,,,Yes,No,,,,,,,305.0,350-555-6042,michaelmiller@example.com,Mailing ,5613 Park Ave,New York,NY,36437-9113,53-64: Pre-Retire,$300K-$1M: Affluent ,Develop,Genworth Life Insurance Company,PK-00026,2001-07-19,9,10+ yrs,Equitable Network,Equitable Network Life,Equitable Network Life,Life Contract,Life Contract,"$150,000 - $249,999",0.539,1448165.12,509258.0,0.0,0.0,,,,,Group B,,,,,,,2026-04-22,,,,,,,,,,,,,Y,,,,,509258.0,780561.0,3,Y
80008,XYZ,12345,ABCD,ASA,,,Long,Sharon,1994-02-20,32,Person,Yes,,Yes,Yes,Homeowner,Yes,Yes,,Business Telephone,Allowed,305.0,347-555-7123,lindamiller@example.com,Mailing ,5613 Park Ave,New York,NY,36437-9113,30-40: Life Builder,$100k-$300K: Upper Core,Protect,Equitable,PK-00027,2015-11-02,4,5-10 yrs,Wealth Management/Brokerage,Mutual Fund,Outside Investments,Outside Investments/ Retirement,Direct Fund Accounts,"$100,000 - $149,999",0.539,1448165.12,239710.0,0.0,0.0,Yes,70000.0,,46000.0,Group B,,,,,,,2026-04-19,Y,Y,,,,,,,,,,,,,,Y,,239710.0,780561.0,3,Y
80008,XYZ,12345,ABCD,ASA,399927.0,Ava Foster,Long,Carolyn,1945-01-28,81,Person,Yes,,Yes,Yes,,Yes,,,Home Telephone,Allowed,305.0,343-555-4564,patriciamiller@example.com,Residence ,5613 Park Ave,New York,NY,36437-9113,80+: Legacy,$100k-$300K: Upper Core,Protect,Equitable,PK-00028,2000-01-12,19,10+ yrs,Group Retirement,Annuity,Equivest,Equivest,SEP,"$100,000 - $149,999",0.539,1448165.12,31593.0,0.0,0.0,,,162000.0,,Group B,,,,,,,2026-02-08,,,,,,,,,,,,,Y,,,,,31593.0,780561.0,3,Y
80009,XYZ,12345,ABCD,OSA,619914.0,Emma Hayes,Barnes,Philip,1958-05-23,68,Person,Yes,,Yes,Yes,Homeowner,,,,Home Telephone,Allowed,212.0,318-555-9326,jamesjohnson@example.com,Mailing ,179 Park Ave,New York,NY,73149-6472,65-79: Next Chapters,$300K-$1M: Affluent ,Develop,Genworth Life Insurance Company,PK-00029,2001-07-19,10,10+ yrs,Equitable Network,Equitable Network Life,Equitable Network Life,Life Contract,Life Contract,"$150,000 - $249,999",0.3033,1927349.16,584565.0,0.0,0.0,,,,,Group B,,,,,,,2026-04-20,,,,,,,,,,,,,Y,,,,,584565.0,584565.0,1,
80010,XYZ,12345,ABCD,OSA,399927.0,Ava Foster,Mitchell,Doris,1950-03-23,76,Person,Yes,,No,Yes,,Yes,,,Home Telephone,Allowed,310.0,605-555-7636,jenniferjohnson@example.com,Residence ,1799 Park Ave,New York,NY,61823-3248,65-79: Next Chapters,$100k-$300K: Upper Core,Protect,Equitable,PK-00030,2000-01-12,16,10+ yrs,Group Retirement,Annuity,Equivest,Equivest,SEP,"$100,000 - $149,999",0.4205,4298375.74,195290.0,0.0,0.0,,,162000.0,,Group B,,,,,,,2026-03-21,,,,,,,,,,,,,Y,,,,,195290.0,1807467.0,3,
80010,XYZ,12345,ABCD,OSA,415268.0,William Grant,Mitchell,Diana,1952-12-22,74,Person,Yes,,Yes,Yes,,Yes,,,Home Telephone,Allowed,310.0,715-555-7188,jenniferjohnson@example.com,Residence ,1799 Park Ave,New York,NY,61823-3248,65-79: Next Chapters,$100k-$300K: Upper Core,Protect,Equitable,PK-00031,2000-01-12,17,10+ yrs,Group Retirement,Annuity,Equivest,Equivest,SEP,"$100,000 - $149,999",0.4205,4298375.74,135595.0,0.0,0.0,,,162000.0,,Group B,,,,,,,2026-04-25,,,,Y,,,,,,,,,Y,,,,,135595.0,1807467.0,3,
80010,XYZ,12345,ABCD,OSA,296118.0,Olivia Brooks,Mitchell,Richard,2001-10-27,25,Person,,,Yes,Yes,,,,Yes,,Allowed,310.0,662-555-8424,johnjohnson@example.com,Business,1799 Park Ave,New York,NY,61823-3248,<30: Career Starter,$1M+: Wealth ,Develop,MLOA,PK-00032,2020-01-15,3,5-10 yrs,Life,Life,Variable Life,Incentive Life Legecy,Incentive Life Legecy,"$500,000+",0.4205,4298375.74,0.0,295316.4,1476582.0,,,,2280000.0,Group B,,,,,,,2026-02-08,,Y,,,,,,,,,,,Y,,,,,1476582.0,1807467.0,3,
80011,XYZ,12345,ABCD,OSA,441896.0,Noah Carter,Richardson,Madison,2003-08-21,23,Person,Yes,,Yes,Yes,Homeowner,,Yes,,Business Telephone,Allowed,617.0,335-555-7995,lindawilliams@example.com,Mailing ,8453 Park Ave,New York,NY,48582-9845,<30: Career Starter,$100k-$300K: Upper Core,Maintain,Brighthouse Life Insurance Company,PK-00033,2016-02-24,5,5-10 yrs,Equitable Network,Equitable Network Life,Equitable Network Life,Life Contract,Life Contract,"$100,000 - $149,999",0.0293,65471843.0,456837.0,0.0,0.0,,,,,Group B,,,,,,,2026-03-09,,Y,,,,,,,,,Y,,,Y,,,,456837.0,1918325.0,5,
80011,XYZ,12345,ABCD,OSA,788666.0,Noah Carter,Richardson,Jerry,1952-05-12,74,Person,Yes,,Yes,No,Homeowner,Yes,Yes,,Business Telephone,Allowed,617.0,640-555-3127,robertwilliams@example.com,Mailing ,8453 Park Ave,New York,NY,48582-9845,65-79: Next Chapters,$100k-$300K: Upper Core,Protect,Equitable,PK-00034,2015-11-02,12,5-10 yrs,Wealth Management/Brokerage,Mutual Fund,Outside Investments,Outside Investments/ Retirement,Direct Fund Accounts,"$100,000 - $149,999",0.0293,65471843.0,409524.0,0.0,0.0,Yes,70000.0,,46000.0,Group B,,,,,,,2026-03-30,Y,Y,Y,Y,,,,,,,,,,,,Y,,409524.0,1918325.0,5,
80011,XYZ,12345,ABCD,OSA,788666.0,Noah Carter,Richardson,Adam,2005-04-05,21,Person,Yes,,No,No,,Yes,,,Home Telephone,Allowed,617.0,624-555-3204,michaelwilliams@example.com,Residence ,8453 Park Ave,New York,NY,48582-9845,<30: Career Starter,$100k-$300K: Upper Core,Protect,Equitable,PK-00035,2000-01-12,6,10+ yrs,Group Retirement,Annuity,Equivest,Equivest,SEP,"$100,000 - $149,999",0.0293,65471843.0,176042.0,0.0,0.0,,,162000.0,,Group B,,,,,,,2026-02-15,,,,,,,,,,,,,Y,,,,,176042.0,1918325.0,5,
80011,XYZ,12345,ABCD,OSA,619914.0,Emma Hayes,Richardson,Diana,1984-09-11,42,Person,No,Yes,Yes,No,Probable Homeowner 80-89,,,,Mobile Telephone,Allowed,617.0,517-555-3349,patriciawilliams@example.com,Mailing ,8453 Park Ave,New York,NY,48582-9845,40-52: Wealth Builder,$25K-$50K: Lower Core ,Manage,Lincoln Life Insurance Annuity Co of NY,PK-00036,2020-06-17,1,2-5 yrs,Equitable Network,Equitable Network Annuity,Equitable Network Annuity,Annuity Contract,Annuity Contract,"<$30,000",0.0293,65471843.0,443814.0,0.0,0.0,,2500.0,2000.0,4000.0,Group D,Yes,,,,,,2026-04-20,,,,,,,,,,,,Y,,,,,,443814.0,1918325.0,5,
80011,XYZ,12345,ABCD,OSA,306776.0,Liam Nelson,Richardson,George,1960-12-02,66,Person,Yes,,No,No,,Yes,,,Home Telephone,Allowed,617.0,391-555-5795,michaelwilliams@example.com,Residence ,8453 Park Ave,New York,NY,48582-9845,65-79: Next Chapters,$100k-$300K: Upper Core,Protect,Equitable,PK-00037,2000-01-12,10,10+ yrs,Group Retirement,Annuity,Equivest,Equivest,SEP,"$100,000 - $149,999",0.0293,65471843.0,432108.0,0.0,0.0,,,162000.0,,Group B,,,,,,,2026-04-07,,,Y,,,,,,,,,,Y,,,,,432108.0,1918325.0,5,
80012,XYZ,12345,ABCD,OSA,306776.0,Liam Nelson,Ruiz,Ethan,1984-02-14,42,Person,Yes,,No,No,,Yes,,,Home Telephone,Allowed,310.0,568-555-7923,jamesmiller@example.com,Residence ,8556 Park Ave,New York,NY,57124-5476,40-52: Wealth Builder,$100k-$300K: Upper Core,Protect,Equitable,PK-00038,2000-01-12,15,10+ yrs,Group Retirement,Annuity,Equivest,Equivest,SEP,"$100,000 - $149,999",0.3404,2477447.12,757068.0,0.0,0.0,,,162000.0,,Group B,,,,,,,2026-03-24,,,,,,,,,,,,,Y,,,,,757068.0,843323.0,2,Y
80012,XYZ,12345,ABCD,OSA,886843.0,Liam Nelson,Ruiz,Alexander,1959-05-17,67,Person,Yes,,Yes,No,,Yes,,,Home Telephone,Allowed,310.0,713-555-4590,jamesmiller@example.com,Residence ,8556 Park Ave,New York,NY,57124-5476,65-79: Next Chapters,$100k-$300K: Upper Core,Protect,Equitable,PK-00039,2000-01-12,14,10+ yrs,Group Retirement,Annuity,Equivest,Equivest,SEP,"$100,000 - $149,999",0.3404,2477447.12,86255.0,0.0,0.0,,,162000.0,,Group B,,,,,,,2026-03-14,,,,,,,,,,,,,Y,,,,,86255.0,843323.0,2,Y
80013,XYZ,12345,ABCD,ASA,306776.0,Liam Nelson,Allen,Kathryn,1953-10-28,73,Person,Yes,,No,Yes,,Yes,,,Home Telephone,Allowed,617.0,986-555-2935,marygarcia@example.com,Residence ,6824 Park Ave,New York,NY,21857-4573,65-79: Next Chapters,$100k-$300K: Upper Core,Protect,Equitable,PK-00040,2000-01-12,4,10+ yrs,Group Retirement,Annuity,Equivest,Equivest,SEP,"$100,000 - $149,999",0.3269,9918360.35,478692.0,0.0,0.0,,,162000.0,,Group B,,,,,,,2026-03-17,,,,Y,,,,,,,,,Y,,,,,478692.0,3242312.0,5,
80013,XYZ,12345,ABCD,ASA,886843.0,Liam Nelson,Allen,Rose,1999-11-06,27,Person,Yes,,No,Yes,,Yes,,,Home Telephone,Allowed,617.0,114-555-6316,marygarcia@example.com,Residence ,6824 Park Ave,New York,NY,21857-4573,<30: Career Starter,$100k-$300K: Upper Core,Protect,Equitable,PK-00041,2000-01-12,20,10+ yrs,Group Retirement,Annuity,Equivest,Equivest,SEP,"$100,000 - $149,999",0.3269,9918360.35,624405.0,0.0,0.0,,,162000.0,,Group B,,,,,,,2026-04-02,,,Y,,,,,,,,,,Y,,,,,624405.0,3242312.0,5,
80013,XYZ,12345,ABCD,ASA,993626.0,Oliver Reed,Allen,Charles,1945-08-11,81,Person,Yes,,No,No,,Yes,,,Home Telephone,Allowed,617.0,530-555-4463,robertgarcia@example.com,Residence ,6824 Park Ave,New York,NY,21857-4573,80+: Legacy,$100k-$300K: Upper Core,Protect,Equitable,PK-00042,2000-01-12,12,10+ yrs,Group Retirement,Annuity,Equivest,Equivest,SEP,"$100,000 - $149,999",0.3269,9918360.35,790577.0,0.0,0.0,,,162000.0,,Group B,,,,,,,2026-04-06,,,Y,,,,,,,,,,Y,,,,,790577.0,3242312.0,5,
80013,XYZ,12345,ABCD,ASA,346838.0,Ava Foster,Allen,Logan,1972-02-19,54,Person,Yes,,Yes,No,Homeowner,,,,Home Telephone,Allowed,617.0,679-555-1482,michaelgarcia@example.com,Mailing ,6824 Park Ave,New York,NY,21857-4573,53-64: Pre-Retire,$300K-$1M: Affluent ,Develop,Genworth Life Insurance Company,PK-00043,2001-07-19,4,10+ yrs,Equitable Network,Equitable Network Life,Equitable Network Life,Life Contract,Life Contract,"$150,000 - $249,999",0.3269,9918360.35,589333.0,0.0,0.0,,,,,Group B,,,,,,,2026-03-14,,,,,,,,,,,,,Y,,,,,589333.0,3242312.0,5,
80013,XYZ,12345,ABCD,ASA,399927.0,Ava Foster,Allen,Melissa,1964-03-04,62,Person,Yes,,No,No,,Yes,,,Home Telephone,Allowed,617.0,629-555-9721,patriciagarcia@example.com,Residence ,6824 Park Ave,New York,NY,21857-4573,53-64: Pre-Retire,$100k-$300K: Upper Core,Protect,Equitable,PK-00044,2000-01-12,10,10+ yrs,Group Retirement,Annuity,Equivest,Equivest,SEP,"$100,000 - $149,999",0.3269,9918360.35,759305.0,0.0,0.0,,,162000.0,,Group B,,,,,,,2026-04-08,,,,,,,Y,,,,,,Y,,,,,759305.0,3242312.0,5,
80014,XYZ,12345,ABCD,OSA,899478.0,Sophia Lane,Taylor,Brian,1977-05-21,49,Person,Yes,,No,No,Homeowner,Yes,,,Personal Email,Allowed,415.0,947-555-8103,michaelgarcia@example.com,Mailing ,7936 Park Ave,New York,NY,49809-4267,40-52: Wealth Builder,$300K-$1M: Affluent ,Develop,Equitable,PK-00045,2018-09-20,12,2-5 yrs,Wealth Management/Brokerage,Mutual Fund,Outside Investments,Outside Investments/ Retirement,Direct Fund Accounts,"$150,000 - $249,999",0.4256,5026515.51,316524.0,0.0,0.0,,110000.0,170000.0,80000.0,Group A,,,,,,,2026-02-23,,Y,,,,,,,,,,,,,,,,316524.0,2139285.0,5,
80014,XYZ,12345,ABCD,OSA,399927.0,Ava Foster,Taylor,Kathryn,1973-03-07,53,Person,Yes,,Yes,No,Homeowner,Yes,,,Personal Email,Allowed,415.0,481-555-5105,jennifergarcia@example.com,Mailing ,7936 Park Ave,New York,NY,49809-4267,53-64: Pre-Retire,$300K-$1M: Affluent ,Develop,Genworth Life Insurance Company,PK-00046,2010-06-12,12,2-5 yrs,Equitable Network,Equitable Network Life,Equitable Network Life,Life Contract,Life Contract,"$150,000 - $249,999",0.4256,5026515.51,477158.0,0.0,0.0,,110000.0,170000.0,80000.0,Group A,,,,,,,2026-04-28,,,,,,,,,,,,Y,,,,,,477158.0,2139285.0,5,
80014,XYZ,12345,ABCD,OSA,619914.0,Emma Hayes,Taylor,Abigail,1973-03-19,53,Person,Yes,,Yes,No,,Yes,,,Home Telephone,Allowed,415.0,100-555-8115,lindagarcia@example.com,Residence ,7936 Park Ave,New York,NY,49809-4267,53-64: Pre-Retire,$100k-$300K: Upper Core,Protect,Equitable,PK-00047,2000-01-12,4,10+ yrs,Group Retirement,Annuity,Equivest,Equivest,SEP,"$100,000 - $149,999",0.4256,5026515.51,692556.0,0.0,0.0,,,162000.0,,Group B,,,,,,,2026-03-14,,,Y,,,,,,,,,,Y,,,,,692556.0,2139285.0,5,
80014,XYZ,12345,ABCD,OSA,306776.0,Liam Nelson,Taylor,John,1946-02-23,80,Person,Yes,,Yes,Yes,,Yes,,,Home Telephone,Allowed,415.0,195-555-6722,jamesgarcia@example.com,Residence ,7936 Park Ave,New York,NY,49809-4267,80+: Legacy,$100k-$300K: Upper Core,Protect,Equitable,PK-00048,2000-01-12,17,10+ yrs,Group Retirement,Annuity,Equivest,Equivest,SEP,"$100,000 - $149,999",0.4256,5026515.51,574263.0,0.0,0.0,,,162000.0,,Group B,,,,,,,2026-02-23,,,Y,,,,,,,,,,Y,,,,,574263.0,2139285.0,5,
80014,XYZ,12345,ABCD,OSA,886843.0,Liam Nelson,Taylor,Timothy,1965-06-14,61,Person,Yes,,No,Yes,Homeowner,Yes,,,Personal Email,Allowed,415.0,742-555-9906,robertgarcia@example.com,Mailing ,7936 Park Ave,New York,NY,49809-4267,53-64: Pre-Retire,$300K-$1M: Affluent ,Develop,Equitable,PK-00049,2018-09-20,13,2-5 yrs,Wealth Management/Brokerage,Mutual Fund,Outside Investments,Outside Investments/ Retirement,Direct Fund Accounts,"$150,000 - $249,999",0.4256,5026515.51,78784.0,0.0,0.0,,110000.0,170000.0,80000.0,Group A,,,,,,,2026-02-22,,,,,,,,,,,,,,,,,,78784.0,2139285.0,5,
80015,XYZ,12345,ABCD,OSA,752257.0,Sophia Lane,Morales,Juan,1947-05-11,79,Person,Yes,,No,No,,Yes,,,Home Telephone,Allowed,415.0,221-555-3928,jamesmiller@example.com,Residence ,1935 Park Ave,New York,NY,15104-3353,65-79: Next Chapters,$100k-$300K: Upper Core,Protect,Equitable,PK-00050,2000-01-12,11,10+ yrs,Group Retirement,Annuity,Equivest,Equivest,SEP,"$100,000 - $149,999",0.4546,5762446.11,389751.0,0.0,0.0,,,162000.0,,Group B,,,,,,,2026-02-28,,,,,,,,,,,,,Y,,,,,389751.0,2619608.0,5,Y
80015,XYZ,12345,ABCD,OSA,886843.0,Liam Nelson,Morales,Anthony,1964-05-02,62,Person,Yes,,Yes,Yes,,Yes,,,Home Telephone,Allowed,415.0,916-555-5420,johnmiller@example.com,Residence ,1935 Park Ave,New York,NY,15104-3353,53-64: Pre-Retire,$100k-$300K: Upper Core,Protect,Equitable,PK-00051,2000-01-12,1,10+ yrs,Group Retirement,Annuity,Equivest,Equivest,SEP,"$100,000 - $149,999",0.4546,5762446.11,564780.0,0.0,0.0,,,162000.0,,Group B,,,,,,,2026-04-25,,,Y,,,,Y,,,,,,Y,Y,,,,564780.0,2619608.0,5,Y
80015,XYZ,12345,ABCD,OSA,619914.0,Emma Hayes,Morales,Billy,1958-10-08,68,Person,Yes,,No,No,Homeowner,Yes,,,Home Telephone,Allowed,415.0,552-555-2405,michaelmiller@example.com,Mailing ,1935 Park Ave,New York,NY,15104-3353,65-79: Next Chapters,$1M+: Wealth ,Develop,AXA Equitable,PK-00052,1995-03-15,16,2-5 yrs,Individual Retirement,Annuity,Accumulator,Equitable,Accumulator Plus IRA,"$150,000 - $249,999",0.4546,5762446.11,771365.0,0.0,0.0,,110000.0,170000.0,80000.0,Group A,Yes,,,,,,2026-03-25,,,,,,,,,,,Y,,,,,,,771365.0,2619608.0,5,Y
80015,XYZ,12345,ABCD,OSA,619914.0,Emma Hayes,Morales,Dylan,1980-04-04,46,Person,Yes,,No,Yes,,Yes,,,Home Telephone,Allowed,415.0,108-555-6874,johnmiller@example.com,Residence ,1935 Park Ave,New York,NY,15104-3353,40-52: Wealth Builder,$100k-$300K: Upper Core,Protect,Equitable,PK-00053,2000-01-12,1,10+ yrs,Group Retirement,Annuity,Equivest,Equivest,SEP,"$100,000 - $149,999",0.4546,5762446.11,535643.0,0.0,0.0,,,162000.0,,Group B,,,,,,,2026-03-28,,,,,,,,,,,,,Y,,,,,535643.0,2619608.0,5,Y
80015,XYZ,12345,ABCD,OSA,306776.0,Liam Nelson,Morales,Terry,1956-11-13,70,Person,Yes,,No,No,,Yes,,,Home Telephone,Allowed,415.0,455-555-7877,jamesmiller@example.com,Residence ,1935 Park Ave,New York,NY,15104-3353,65-79: Next Chapters,$100k-$300K: Upper Core,Protect,Equitable,PK-00054,2000-01-12,11,10+ yrs,Group Retirement,Annuity,Equivest,Equivest,SEP,"$100,000 - $149,999",0.4546,5762446.11,358069.0,0.0,0.0,,,162000.0,,Group B,,,,,,,2026-04-06,,,,Y,,,,,,,,,Y,,,,,358069.0,2619608.0,5,Y
80016,XYZ,12345,ABCD,ASA,415268.0,William Grant,Chavez,Charles,1978-01-24,48,Person,Yes,,No,Yes,,Yes,,,Home Telephone,Allowed,415.0,526-555-5015,jamesmiller@example.com,Residence ,6234 Park Ave,New York,NY,13921-3105,40-52: Wealth Builder,$100k-$300K: Upper Core,Protect,Equitable,PK-00055,2000-01-12,15,10+ yrs,Group Retirement,Annuity,Equivest,Equivest,SEP,"$100,000 - $149,999",0.129,10113581.4,27717.0,0.0,0.0,,,162000.0,,Group B,,,,,,,2026-04-21,,,,,,,,,,,,,Y,,,,,27717.0,1304652.0,4,
80016,XYZ,12345,ABCD,ASA,788666.0,Noah Carter,Chavez,Cynthia,1966-12-21,60,Person,Yes,,Yes,Yes,Homeowner,Yes,,,Personal Email,Allowed,415.0,341-555-7542,patriciamiller@example.com,Mailing ,6234 Park Ave,New York,NY,13921-3105,53-64: Pre-Retire,$300K-$1M: Affluent ,Develop,Equitable,PK-00056,2018-09-20,19,2-5 yrs,Wealth Management/Brokerage,Mutual Fund,Outside Investments,Outside Investments/ Retirement,Direct Fund Accounts,"$150,000 - $249,999",0.129,10113581.4,492497.0,0.0,0.0,,110000.0,170000.0,80000.0,Group A,,,,,,,2026-03-08,,,Y,,,,,,,,,,,,,,,492497.0,1304652.0,4,
80016,XYZ,12345,ABCD,ASA,281937.0,Oliver Reed,Chavez,Thomas,1968-07-06,58,Person,Yes,,No,Yes,,,,,Home Telephone,Allowed,415.0,370-555-5223,johnmiller@example.com,Mailing ,6234 Park Ave,New York,NY,13921-3105,53-64: Pre-Retire,$100k-$300K: Upper Core,Develop,Equitable,PK-00057,2012-05-19,17,10+ yrs,Life,Life,Fixed Life,Term 30,Term 30,"$100,000 - $149,999",0.129,10113581.4,0.0,36961.6,184808.0,Yes,,,115000.0,Group D,,,,,,,2026-03-16,,Y,,,,,,,,,,,,,,,,184808.0,1304652.0,4,
80016,XYZ,12345,ABCD,ASA,306776.0,Liam Nelson,Chavez,Beverly,2004-11-26,22,Person,Yes,,Yes,No,,Yes,,,Home Telephone,Allowed,415.0,343-555-3353,patriciamiller@example.com,Residence ,6234 Park Ave,New York,NY,13921-3105,<30: Career Starter,$100k-$300K: Upper Core,Protect,Equitable,PK-00058,2000-01-12,14,10+ yrs,Group Retirement,Annuity,Equivest,Equivest,SEP,"$100,000 - $149,999",0.129,10113581.4,599630.0,0.0,0.0,,,162000.0,,Group B,,,,,,,2026-03-06,,,Y,,,,,,,,,,Y,,,,,599630.0,1304652.0,4,
80017,XYZ,12345,ABCD,ASA,399927.0,Ava Foster,Ross,Emma,1969-06-03,57,Person,Yes,,No,No,Homeowner,Yes,,,Home Telephone,Allowed,305.0,239-555-8908,maryjones@example.com,Mailing ,8850 Park Ave,New York,NY,17607-4031,53-64: Pre-Retire,$1M+: Wealth ,Develop,AXA Equitable,PK-00059,1995-03-15,19,2-5 yrs,Individual Retirement,Annuity,Accumulator,Equitable,Accumulator Plus IRA,"$150,000 - $249,999",0.7823,3810433.34,318944.0,0.0,0.0,,110000.0,170000.0,80000.0,Group A,Yes,,,,,,2026-04-13,,Y,,,,,,,,,Y,,,,,,,318944.0,2980902.0,6,Y
80017,XYZ,12345,ABCD,ASA,788666.0,Noah Carter,Ross,Brandon,1998-10-01,28,Person,Yes,,Yes,No,,,,,Home Telephone,Allowed,305.0,434-555-7522,michaeljones@example.com,Mailing ,8850 Park Ave,New York,NY,17607-4031,<30: Career Starter,$100k-$300K: Upper Core,Develop,Equitable,PK-00060,2012-05-19,8,10+ yrs,Life,Life,Fixed Life,Term 30,Term 30,"$100,000 - $149,999",0.7823,3810433.34,0.0,223981.2,1119906.0,Yes,,,115000.0,Group D,,,,,,,2026-04-22,,Y,Y,,,,,,,,,,,,,,,1119906.0,2980902.0,6,Y
80017,XYZ,12345,ABCD,ASA,306776.0,Liam Nelson,Ross,Mary,1986-07-03,40,Person,Yes,,No,No,,Yes,,,Home Telephone,Allowed,305.0,291-555-5302,maryjones@example.com,Residence ,8850 Park Ave,New York,NY,17607-4031,30-40: Life Builder,$100k-$300K: Upper Core,Protect,Equitable,PK-00061,2000-01-12,5,10+ yrs,Group Retirement,Annuity,Equivest,Equivest,SEP,"$100,000 - $149,999",0.7823,3810433.34,16994.0,0.0,0.0,,,162000.0,,Group B,,,,,,,2026-03-16,,,Y,,,,,,,,,,Y,,,,,16994.0,2980902.0,6,Y
80017,XYZ,12345,ABCD,ASA,619914.0,Emma Hayes,Ross,Danielle,1993-11-15,33,Person,No,Yes,No,No,Probable Homeowner 80-89,,,,Mobile Telephone,Allowed,305.0,290-555-1422,maryjones@example.com,Mailing ,8850 Park Ave,New York,NY,17607-4031,30-40: Life Builder,$25K-$50K: Lower Core ,Manage,Lincoln Life Insurance Annuity Co of NY,PK-00062,2020-06-17,2,2-5 yrs,Equitable Network,Equitable Network Annuity,Equitable Network Annuity,Annuity Contract,Annuity Contract,"<$30,000",0.7823,3810433.34,561138.0,0.0,0.0,,2500.0,2000.0,4000.0,Group D,Yes,,,,,,2026-03-04,,Y,,,,,,,,,,Y,,,,,,561138.0,2980902.0,6,Y
80017,XYZ,12345,ABCD,ASA,619914.0,Emma Hayes,Ross,Randy,1995-12-23,31,Person,No,Yes,No,No,Probable Homeowner 80-89,,,,Mobile Telephone,Allowed,305.0,770-555-9570,michaeljones@example.com,Mailing ,8850 Park Ave,New York,NY,17607-4031,30-40: Life Builder,$25K-$50K: Lower Core ,Manage,Lincoln Life Insurance Annuity Co of NY,PK-00063,2020-06-17,5,2-5 yrs,Equitable Network,Equitable Network Annuity,Equitable Network Annuity,Annuity Contract,Annuity Contract,"<$30,000",0.7823,3810433.34,332385.0,0.0,0.0,,2500.0,2000.0,4000.0,Group D,Yes,,,,,,2026-04-03,,,,,,,,,,,,Y,,,,,,332385.0,2980902.0,6,Y
80017,XYZ,12345,ABCD,ASA,306776.0,Liam Nelson,Ross,Sara,1960-08-14,66,Person,Yes,,Yes,No,,Yes,,,Home Telephone,Allowed,305.0,978-555-3310,lindajones@example.com,Residence ,8850 Park Ave,New York,NY,17607-4031,65-79: Next Chapters,$100k-$300K: Upper Core,Protect,Equitable,PK-00064,2000-01-12,1,10+ yrs,Group Retirement,Annuity,Equivest,Equivest,SEP,"$100,000 - $149,999",0.7823,3810433.34,631535.0,0.0,0.0,,,162000.0,,Group B,,,,,,,2026-03-19,,,,,,,,,,,,,Y,,,,,631535.0,2980902.0,6,Y
80018,XYZ,12345,ABCD,ASA,306776.0,Liam Nelson,Phillips,Barbara,1972-07-28,54,Person,Yes,,Yes,Yes,,Yes,,,Home Telephone,Allowed,415.0,769-555-3040,jennifersmith@example.com,Residence ,8137 Park Ave,New York,NY,95184-5880,53-64: Pre-Retire,$100k-$300K: Upper Core,Protect,Equitable,PK-00065,2000-01-12,6,10+ yrs,Group Retirement,Annuity,Equivest,Equivest,SEP,"$100,000 - $149,999",0.8594,5143971.38,678918.0,0.0,0.0,,,162000.0,,Group B,,,,,,,2026-02-23,,,,,,,,,,,,,Y,,,,,678918.0,4420729.0,5,
80018,XYZ,12345,ABCD,ASA,602271.0,William Grant,Phillips,Rose,1982-06-26,44,Person,Yes,,Yes,Yes,Renter,,,,Home Telephone,Not Allowed,415.0,738-555-4096,lindasmith@example.com,Mailing ,8137 Park Ave,New York,NY,95184-5880,40-52: Wealth Builder,$300K-$1M: Affluent ,Develop,Equitable,PK-00066,2010-12-07,4,10+ yrs,Life,Life,Interest Sensitive,Equitable Life Account,Equitable Life Account,"$100,000 - $149,999",0.8594,5143971.38,0.0,369588.0,1847940.0,,,80000.0,115000.0,Group D,,,,,,,2026-02-27,,,,,,,,,,,,,Y,,,,,1847940.0,4420729.0,5,
80018,XYZ,12345,ABCD,ASA,415268.0,William Grant,Phillips,Eugene,1990-09-04,36,Person,Yes,,No,No,Probable Homeowner 70-79,Yes,,,Home Telephone,Allowed,415.0,190-555-3114,robertsmith@example.com,Mailing ,8137 Park Ave,New York,NY,95184-5880,30-40: Life Builder,$300K-$1M: Affluent ,Protect,Equitable,PK-00067,1996-05-30,2,10+ yrs,Individual Retirement,Annuity,Equivest,Equivest,IRA,"$150,000 - $249,999",0.8594,5143971.38,784149.0,0.0,0.0,,,650000.0,,Group B,,,,,,,2026-02-28,,,,,,,,,,,,Y,,,,,,784149.0,4420729.0,5,
80018,XYZ,12345,ABCD,ASA,886843.0,Liam Nelson,Phillips,Carolyn,1994-06-02,32,Person,Yes,,Yes,No,Homeowner,Yes,,,Personal Email,Allowed,415.0,508-555-2501,marysmith@example.com,Mailing ,8137 Park Ave,New York,NY,95184-5880,30-40: Life Builder,$300K-$1M: Affluent ,Develop,Genworth Life Insurance Company,PK-00068,2010-06-12,20,2-5 yrs,Equitable Network,Equitable Network Life,Equitable Network Life,Life Contract,Life Contract,"$150,000 - $249,999",0.8594,5143971.38,656906.0,0.0,0.0,,110000.0,170000.0,80000.0,Group A,,,,,,,2026-04-02,,Y,,,,,,,,,,Y,,,,,,656906.0,4420729.0,5,
80018,XYZ,12345,ABCD,ASA,,,Phillips,Mary,1965-10-09,61,Person,No,Yes,No,No,Probable Homeowner 80-89,,,,Mobile Telephone,Allowed,415.0,586-555-3868,marysmith@example.com,Mailing ,8137 Park Ave,New York,NY,95184-5880,53-64: Pre-Retire,$25K-$50K: Lower Core ,Manage,Lincoln Life Insurance Annuity Co of NY,PK-00069,2020-06-17,2,2-5 yrs,Equitable Network,Equitable Network Annuity,Equitable Network Annuity,Annuity Contract,Annuity Contract,"<$30,000",0.8594,5143971.38,452816.0,0.0,0.0,,2500.0,2000.0,4000.0,Group D,Yes,,,,,,2026-03-07,,Y,,,,,,,,,,Y,,,,,,452816.0,4420729.0,5,
80019,XYZ,12345,ABCD,OSA,788666.0,Noah Carter,Morgan,John,1990-03-16,36,Person,Yes,,Yes,Yes,,Yes,,,Home Telephone,Allowed,310.0,232-555-9405,michaeljones@example.com,Residence ,9449 Park Ave,New York,NY,90326-7211,30-40: Life Builder,$100k-$300K: Upper Core,Protect,Equitable,PK-00070,2000-01-12,2,10+ yrs,Group Retirement,Annuity,Equivest,Equivest,SEP,"$100,000 - $149,999",0.1405,3636284.7,510898.0,0.0,0.0,,,162000.0,,Group B,,,,,,,2026-03-08,,,,,,,,,,,,,Y,,,,,510898.0,510898.0,1,
80020,XYZ,12345,ABCD,OSA,619914.0,Emma Hayes,Rodriguez,Kayla,1990-03-24,36,Person,Yes,,Yes,No,,Yes,,,Home Telephone,Allowed,305.0,399-555-7644,lindagarcia@example.com,Residence ,8255 Park Ave,New York,NY,69804-4309,30-40: Life Builder,$100k-$300K: Upper Core,Protect,Equitable,PK-00071,2000-01-12,14,10+ yrs,Group Retirement,Annuity,Equivest,Equivest,SEP,"$100,000 - $149,999",0.1728,3065734.95,352633.0,0.0,0.0,,,162000.0,,Group B,,,,,,,2026-02-20,,,,,,,,,,,,,Y,,,,,352633.0,529759.0,2,
80020,XYZ,12345,ABCD,OSA,752257.0,Sophia Lane,Rodriguez,Anna,1955-07-26,71,Person,Yes,,No,Yes,Homeowner,Yes,,,Personal Email,Allowed,305.0,665-555-1398,lindagarcia@example.com,Mailing ,8255 Park Ave,New York,NY,69804-4309,65-79: Next Chapters,$300K-$1M: Affluent ,Develop,Equitable,PK-00072,2018-09-20,13,2-5 yrs,Wealth Management/Brokerage,Mutual Fund,Outside Investments,Outside Investments/ Retirement,Direct Fund Accounts,"$150,000 - $249,999",0.1728,3065734.95,177126.0,0.0,0.0,,110000.0,170000.0,80000.0,Group A,,,,,,,2026-04-01,,Y,,Y,,,,,,,,,,,,,,177126.0,529759.0,2,
80021,XYZ,12345,ABCD,ASA,354432.0,Emma Hayes,Morris,Susan,1981-08-17,45,Person,Yes,,No,No,Homeowner,,Yes,,Business Telephone,Allowed,310.0,686-555-6682,jennifersmith@example.com,Mailing ,8028 Park Ave,New York,NY,57573-5363,40-52: Wealth Builder,$100k-$300K: Upper Core,Maintain,Brighthouse Life Insurance Company,PK-00073,2016-02-24,16,5-10 yrs,Equitable Network,Equitable Network Life,Equitable Network Life,Life Contract,Life Contract,"$100,000 - $149,999",0.389,3614817.48,13721.0,0.0,0.0,,,,,Group B,,,,,,,2026-02-09,,,,,,,,,,,Y,,,,,,,13721.0,1406164.0,3,
80021,XYZ,12345,ABCD,ASA,415268.0,William Grant,Morris,Jean,2001-10-10,25,Person,Yes,,Yes,No,,Yes,,,Home Telephone,Allowed,310.0,508-555-6367,marysmith@example.com,Residence ,8028 Park Ave,New York,NY,57573-5363,<30: Career Starter,$100k-$300K: Upper Core,Protect,Equitable,PK-00074,2000-01-12,9,10+ yrs,Group Retirement,Annuity,Equivest,Equivest,SEP,"$100,000 - $149,999",0.389,3614817.48,779486.0,0.0,0.0,,,162000.0,,Group B,,,,,,,2026-03-05,,,,,,,,,,,,,Y,,,,,779486.0,1406164.0,3,
80021,XYZ,12345,ABCD,ASA,306776.0,Liam Nelson,Morris,Hannah,2005-03-21,21,Person,Yes,,No,Yes,,Yes,,,Home Telephone,Allowed,310.0,202-555-4483,marysmith@example.com,Residence ,8028 Park Ave,New York,NY,57573-5363,<30: Career Starter,$100k-$300K: Upper Core,Protect,Equitable,PK-00075,2000-01-12,12,10+ yrs,Group Retirement,Annuity,Equivest,Equivest,SEP,"$100,000 - $149,999",0.389,3614817.48,612957.0,0.0,0.0,,,162000.0,,Group B,,,,,,,2026-04-18,,,,,,,,,,,,,Y,,,,,612957.0,1406164.0,3,
80022,XYZ,12345,ABCD,OSA,752257.0,Sophia Lane,Foster,Henry,1953-11-10,73,Person,Yes,,No,Yes,,Yes,,,Home Telephone,Allowed,310.0,558-555-1171,johndavis@example.com,Residence ,7628 Park Ave,New York,NY,33434-2589,65-79: Next Chapters,$100k-$300K: Upper Core,Protect,Equitable,PK-00076,2000-01-12,14,10+ yrs,Group Retirement,Annuity,Equivest,Equivest,SEP,"$100,000 - $149,999",0.4212,2701804.37,502009.0,0.0,0.0,,,162000.0,,Group B,,,,,,,2026-03-01,,,Y,Y,,,,,,,,,Y,,,,,502009.0,1138000.0,2,Y
80022,XYZ,12345,ABCD,OSA,619914.0,Emma Hayes,Foster,Matthew,1998-01-07,28,Person,,,No,Yes,,,,,,,310.0,689-555-5978,michaeldavis@example.com,Mailing ,7628 Park Ave,New York,NY,33434-2589,<30: Career Starter,$300K-$1M: Affluent ,Develop,Equitable,PK-00077,2018-09-20,20,2-5 yrs,Wealth Management/Brokerage,Mutual Fund,Outside Investments,Outside Investments/ Retirement,Direct Fund Accounts,"$150,000 - $249,999",0.4212,2701804.37,635991.0,0.0,0.0,,110000.0,170000.0,80000.0,Group A,,,,,,,2026-02-02,,,,,,,,,,,,,,,,,,635991.0,1138000.0,2,Y
80023,XYZ,12345,ABCD,ASA,415268.0,William Grant,Henderson,Michelle,1976-02-11,50,Person,No,Yes,No,Yes,Probable Homeowner 80-89,,,,Mobile Telephone,Allowed,617.0,426-555-1481,jenniferwilliams@example.com,Mailing ,1460 Park Ave,New York,NY,99644-7602,40-52: Wealth Builder,$25K-$50K: Lower Core ,Manage,Lincoln Life Insurance Annuity Co of NY,PK-00078,2020-06-17,16,2-5 yrs,Equitable Network,Equitable Network Annuity,Equitable Network Annuity,Annuity Contract,Annuity Contract,"<$30,000",0.2634,959476.08,252726.0,0.0,0.0,,2500.0,2000.0,4000.0,Group D,Yes,,,,,,2026-03-04,,,,,,,,,,,,Y,,,,,,252726.0,252726.0,1,Y
80024,XYZ,12345,ABCD,ASA,619914.0,Emma Hayes,Davis,Matthew,2000-11-22,26,Person,Yes,,Yes,Yes,,,,,Home Telephone,Allowed,415.0,495-555-9701,robertgarcia@example.com,Mailing ,5684 Park Ave,New York,NY,81447-9670,<30: Career Starter,$100k-$300K: Upper Core,Develop,Equitable,PK-00079,2012-05-19,12,10+ yrs,Life,Life,Fixed Life,Term 30,Term 30,"$100,000 - $149,999",0.3508,4873158.49,0.0,341900.8,1709504.0,Yes,,,115000.0,Group D,,,,,,,2026-02-14,,Y,,,,,,,,,,,,,,,,1709504.0,1709504.0,1,Y
80025,XYZ,12345,ABCD,OSA,752257.0,Sophia Lane,Johnson,Kenneth,1972-12-26,54,Person,Yes,,Yes,Yes,,Yes,,,Home Telephone,Allowed,415.0,345-555-3637,robertwilliams@example.com,Residence ,2920 Park Ave,New York,NY,65690-8529,53-64: Pre-Retire,$100k-$300K: Upper Core,Protect,Equitable,PK-00080,2000-01-12,13,10+ yrs,Group Retirement,Annuity,Equivest,Equivest,SEP,"$100,000 - $149,999",0.2398,5827176.81,534064.0,0.0,0.0,,,162000.0,,Group B,,,,,,,2026-04-28,,,,,,,,,,,,,Y,,,,,534064.0,1397357.0,3,
80025,XYZ,12345,ABCD,OSA,602271.0,William Grant,Johnson,Ryan,1956-06-14,70,Person,,,Yes,Yes,,,,,,,415.0,666-555-8091,michaelwilliams@example.com,Mailing ,2920 Park Ave,New York,NY,65690-8529,65-79: Next Chapters,$25K-$50K: Lower Core ,Manage,Equitable,PK-00081,2022-08-09,20,2-5 yrs,Wealth Management/Brokerage,Mutual Fund,Outside Investments,Outside Investments/ Retirement,Direct Fund Accounts,"<$30,000",0.2398,5827176.81,501084.0,0.0,0.0,,2500.0,2000.0,4000.0,Group D,Yes,,,,,,2026-03-17,,,,Y,,,,,,,,,,,,,,501084.0,1397357.0,3,
80025,XYZ,12345,ABCD,OSA,415268.0,William Grant,Johnson,Julie,1973-11-28,53,Person,No,Yes,Yes,Yes,,,,,Mobile Telephone,Allowed,415.0,132-555-2813,patriciawilliams@example.com,Mailing ,2920 Park Ave,New York,NY,65690-8529,53-64: Pre-Retire,$25K-$50K: Lower Core ,Manage,Equitable,PK-00082,2022-08-09,17,2-5 yrs,Wealth Management/Brokerage,Mutual Fund,Outside Investments,Outside Investments/ Retirement,Direct Fund Accounts,"<$30,000",0.2398,5827176.81,362209.0,0.0,0.0,,2500.0,2000.0,4000.0,Group D,Yes,,,,,,2026-04-18,,,,,,,,,,,,,,,,,,362209.0,1397357.0,3,
80026,XYZ,12345,ABCD,OSA,993626.0,Oliver Reed,Ward,Roy,1998-06-01,28,Person,No,Yes,Yes,No,Probable Homeowner 80-89,,,,Mobile Telephone,Allowed,617.0,540-555-4061,johnjohnson@example.com,Mailing ,6430 Park Ave,New York,NY,91540-5404,<30: Career Starter,$25K-$50K: Lower Core ,Manage,Lincoln Life Insurance Annuity Co of NY,PK-00083,2020-06-17,14,2-5 yrs,Equitable Network,Equitable Network Annuity,Equitable Network Annuity,Annuity Contract,Annuity Contract,"<$30,000",0.0138,80058115.94,43939.0,0.0,0.0,,2500.0,2000.0,4000.0,Group D,Yes,,,,,,2026-04-23,,Y,,,,,,,,,,Y,,,,,,43939.0,1104802.0,4,
80026,XYZ,12345,ABCD,OSA,993626.0,Oliver Reed,Ward,Michelle,1963-06-23,63,Person,Yes,,Yes,No,Renter,,,,Home Telephone,Not Allowed,617.0,208-555-7706,lindajohnson@example.com,Mailing ,6430 Park Ave,New York,NY,91540-5404,53-64: Pre-Retire,$300K-$1M: Affluent ,Develop,AXA Equitable,PK-00084,2003-09-11,11,10+ yrs,Individual Retirement,Annuity,Accumulator,Income Manager,Rollover IRA,"$100,000 - $149,999",0.0138,80058115.94,395744.0,0.0,0.0,,,80000.0,115000.0,Group B,,,,,,,2026-02-19,Y,Y,,,,,,,,,,,,,,,,395744.0,1104802.0,4,
80026,XYZ,12345,ABCD,OSA,306776.0,Liam Nelson,Ward,Noah,1989-04-02,37,Person,Yes,,Yes,No,,Yes,,,Home Telephone,Allowed,617.0,197-555-3005,jamesjohnson@example.com,Residence ,6430 Park Ave,New York,NY,91540-5404,30-40: Life Builder,$100k-$300K: Upper Core,Protect,Equitable,PK-00085,2000-01-12,6,10+ yrs,Group Retirement,Annuity,Equivest,Equivest,SEP,"$100,000 - $149,999",0.0138,80058115.94,232943.0,0.0,0.0,,,162000.0,,Group B,,,,,,,2026-02-02,,,,,,,,,,,,,Y,,,,,232943.0,1104802.0,4,
80026,XYZ,12345,ABCD,OSA,,,Ward,Matthew,1965-09-20,61,Person,No,Yes,No,Yes,Probable Homeowner 80-89,,,,Mobile Telephone,Allowed,617.0,990-555-9986,robertjohnson@example.com,Mailing ,6430 Park Ave,New York,NY,91540-5404,53-64: Pre-Retire,$25K-$50K: Lower Core ,Manage,Lincoln Life Insurance Annuity Co of NY,PK-00086,2020-06-17,9,2-5 yrs,Equitable Network,Equitable Network Annuity,Equitable Network Annuity,Annuity Contract,Annuity Contract,"<$30,000",0.0138,80058115.94,432176.0,0.0,0.0,,2500.0,2000.0,4000.0,Group D,Yes,,,,,,2026-03-03,,,,,,,,,,,,Y,,,,,,432176.0,1104802.0,4,
80027,XYZ,12345,ABCD,ASA,346838.0,Ava Foster,Peterson,Ann,1947-08-02,79,Person,Yes,,Yes,No,Homeowner,Yes,Yes,,Business Telephone,Allowed,310.0,754-555-4233,lindadavis@example.com,Mailing ,8876 Park Ave,New York,NY,64852-9032,65-79: Next Chapters,$100k-$300K: Upper Core,Protect,Equitable,PK-00087,2015-11-02,8,5-10 yrs,Wealth Management/Brokerage,Mutual Fund,Outside Investments,Outside Investments/ Retirement,Direct Fund Accounts,"$100,000 - $149,999",0.1835,10416027.25,56166.0,0.0,0.0,Yes,70000.0,,46000.0,Group B,,,,,,,2026-03-28,Y,Y,,,,,,,,,,,,,,Y,,56166.0,1911341.0,6,Y
80027,XYZ,12345,ABCD,ASA,886843.0,Liam Nelson,Peterson,Jessica,1975-10-28,51,Person,Yes,,Yes,Yes,Probable Homeowner 70-79,Yes,,,Home Telephone,Allowed,310.0,819-555-7826,lindadavis@example.com,Mailing ,8876 Park Ave,New York,NY,64852-9032,40-52: Wealth Builder,$300K-$1M: Affluent ,Protect,Equitable,PK-00088,1996-05-30,20,10+ yrs,Individual Retirement,Annuity,Equivest,Equivest,IRA,"$150,000 - $249,999",0.1835,10416027.25,448180.0,0.0,0.0,,,650000.0,,Group B,,,,,,,2026-04-12,,,,,,,,,,,,Y,,,,,,448180.0,1911341.0,6,Y
80027,XYZ,12345,ABCD,ASA,788666.0,Noah Carter,Peterson,Jesse,1950-10-03,76,Person,Yes,,No,Yes,,Yes,,,Home Telephone,Allowed,310.0,929-555-1411,johndavis@example.com,Residence ,8876 Park Ave,New York,NY,64852-9032,65-79: Next Chapters,$100k-$300K: Upper Core,Protect,Equitable,PK-00089,2000-01-12,7,10+ yrs,Group Retirement,Annuity,Equivest,Equivest,SEP,"$100,000 - $149,999",0.1835,10416027.25,235507.0,0.0,0.0,,,162000.0,,Group B,,,,,,,2026-04-06,,,,,,,,,,,,,Y,,,,,235507.0,1911341.0,6,Y
80027,XYZ,12345,ABCD,ASA,281937.0,Oliver Reed,Peterson,Christine,1950-04-09,76,Person,Yes,,No,Yes,Homeowner,Yes,,,Home Telephone,Allowed,310.0,144-555-2074,patriciadavis@example.com,Mailing ,8876 Park Ave,New York,NY,64852-9032,65-79: Next Chapters,$1M+: Wealth ,Develop,AXA Equitable,PK-00090,1995-03-15,18,2-5 yrs,Individual Retirement,Annuity,Accumulator,Equitable,Accumulator Plus IRA,"$150,000 - $249,999",0.1835,10416027.25,456501.0,0.0,0.0,,110000.0,170000.0,80000.0,Group A,Yes,,,,,,2026-04-20,,Y,,,,,,,,,Y,,,,,,,456501.0,1911341.0,6,Y
80027,XYZ,12345,ABCD,ASA,415268.0,William Grant,Peterson,Cheryl,1999-06-17,27,Person,Yes,,Yes,Yes,,Yes,,,Home Telephone,Allowed,310.0,828-555-4681,jenniferdavis@example.com,Residence ,8876 Park Ave,New York,NY,64852-9032,<30: Career Starter,$100k-$300K: Upper Core,Protect,Equitable,PK-00091,2000-01-12,9,10+ yrs,Group Retirement,Annuity,Equivest,Equivest,SEP,"$100,000 - $149,999",0.1835,10416027.25,366737.0,0.0,0.0,,,162000.0,,Group B,,,,,,,2026-04-20,,,Y,,,,,,,,,,Y,,,,,366737.0,1911341.0,6,Y
80027,XYZ,12345,ABCD,ASA,399927.0,Ava Foster,Peterson,Samantha,1949-08-10,77,Person,Yes,,No,No,,Yes,,,Home Telephone,Allowed,310.0,659-555-3761,jenniferdavis@example.com,Residence ,8876 Park Ave,New York,NY,64852-9032,65-79: Next Chapters,$100k-$300K: Upper Core,Protect,Equitable,PK-00092,2000-01-12,16,10+ yrs,Group Retirement,Annuity,Equivest,Equivest,SEP,"$100,000 - $149,999",0.1835,10416027.25,348250.0,0.0,0.0,,,162000.0,,Group B,,,,,,,2026-04-10,,,,,,,,,,,,,Y,,,,,348250.0,1911341.0,6,Y
80028,XYZ,12345,ABCD,ASA,993626.0,Oliver Reed,Clark,Gloria,1985-11-13,41,Person,No,Yes,No,No,Probable Homeowner 80-89,,,,Mobile Telephone,Allowed,310.0,686-555-3294,patriciajones@example.com,Mailing ,988 Park Ave,New York,NY,49984-7968,40-52: Wealth Builder,$25K-$50K: Lower Core ,Manage,Lincoln Life Insurance Annuity Co of NY,PK-00093,2020-06-17,10,2-5 yrs,Equitable Network,Equitable Network Annuity,Equitable Network Annuity,Annuity Contract,Annuity Contract,"<$30,000",0.1353,8674575.02,380700.0,0.0,0.0,,2500.0,2000.0,4000.0,Group D,Yes,,,,,,2026-04-21,,Y,,,,,,,,,,Y,,,,,,380700.0,1173670.0,4,
80028,XYZ,12345,ABCD,ASA,415268.0,William Grant,Clark,Rose,2003-04-25,23,Person,Yes,,Yes,No,Probably Renter,,,,Home Telephone,Allowed,310.0,684-555-2336,patriciajones@example.com,Mailing ,988 Park Ave,New York,NY,49984-7968,<30: Career Starter,$1M+: Wealth ,Develop,AXA Equitable,PK-00094,1998-10-14,12,10+ yrs,Individual Retirement,Annuity,Accumulator,Income Manager,Accumulator NQ,"$500,000+",0.1353,8674575.02,360425.0,0.0,0.0,,,2520000.0,,Group B,,,,,,,2026-04-12,,Y,,,,,,,,,,,,,,,,360425.0,1173670.0,4,
80028,XYZ,12345,ABCD,ASA,764375.0,Olivia Brooks,Clark,Kelly,1969-12-01,57,Person,Yes,,No,Yes,Homeowner,,,,Home Telephone,Allowed,310.0,531-555-6491,maryjones@example.com,Mailing ,988 Park Ave,New York,NY,49984-7968,53-64: Pre-Retire,$300K-$1M: Affluent ,Develop,Genworth Life Insurance Company,PK-00095,2001-07-19,11,10+ yrs,Equitable Network,Equitable Network Life,Equitable Network Life,Life Contract,Life Contract,"$150,000 - $249,999",0.1353,8674575.02,355146.0,0.0,0.0,,,,,Group B,,,,,,,2026-04-18,,Y,,,,,,,,,,,Y,,,,,355146.0,1173670.0,4,
80028,XYZ,12345,ABCD,ASA,993626.0,Oliver Reed,Clark,Alexis,2001-02-07,25,Person,Yes,,No,Yes,,Yes,,,Home Telephone,Allowed,310.0,162-555-9372,jenniferjones@example.com,Residence ,988 Park Ave,New York,NY,49984-7968,<30: Career Starter,$100k-$300K: Upper Core,Protect,Equitable,PK-00096,2000-01-12,8,10+ yrs,Group Retirement,Annuity,Equivest,Equivest,SEP,"$100,000 - $149,999",0.1353,8674575.02,77399.0,0.0,0.0,,,162000.0,,Group B,,,,,,,2026-04-10,,,,,,,,,,,,,Y,,,,,77399.0,1173670.0,4,
80029,XYZ,12345,ABCD,ASA,752257.0,Sophia Lane,Watson,Hannah,1955-11-02,71,Person,Yes,,Yes,No,Probable Homeowner 70-79,Yes,,,Home Telephone,Allowed,415.0,303-555-5255,jennifermiller@example.com,Mailing ,8574 Park Ave,New York,NY,64125-2639,65-79: Next Chapters,$300K-$1M: Affluent ,Protect,Equitable,PK-00097,1996-05-30,15,10+ yrs,Individual Retirement,Annuity,Equivest,Equivest,IRA,"$150,000 - $249,999",0.6128,505691.91,298532.0,0.0,0.0,,,650000.0,,Group B,,,,,,,2026-04-24,,,,Y,,,,,,,,Y,,,,,,298532.0,309888.0,2,
80029,XYZ,12345,ABCD,ASA,993626.0,Oliver Reed,Watson,Andrea,1995-06-15,31,Person,Yes,,No,Yes,Renter,,,,Home Telephone,Not Allowed,415.0,942-555-3835,jennifermiller@example.com,Mailing ,8574 Park Ave,New York,NY,64125-2639,30-40: Life Builder,$300K-$1M: Affluent ,Develop,AXA Equitable,PK-00098,2003-09-11,16,10+ yrs,Individual Retirement,Annuity,Accumulator,Income Manager,Rollover IRA,"$100,000 - $149,999",0.6128,505691.91,11356.0,0.0,0.0,,,80000.0,115000.0,Group B,,,,,,,2026-03-08,Y,,,,,,,,,,,,,,,,,11356.0,309888.0,2,
80030,XYZ,12345,ABCD,ASA,399927.0,Ava Foster,Perez,Juan,1975-11-25,51,Person,Yes,,Yes,Yes,Homeowner,Yes,,,Home Telephone,Allowed,305.0,933-555-4787,michaeljohnson@example.com,Mailing ,7108 Park Ave,New York,NY,28218-8668,40-52: Wealth Builder,$1M+: Wealth ,Develop,AXA Equitable,PK-00099,1995-03-15,18,2-5 yrs,Individual Retirement,Annuity,Accumulator,Equitable,Accumulator Plus IRA,"$150,000 - $249,999",0.3372,4647556.35,68998.0,0.0,0.0,,110000.0,170000.0,80000.0,Group A,Yes,,,,,,2026-04-22,,,Y,,,,,,,,Y,,,,,,,68998.0,1567156.0,4,Y
80030,XYZ,12345,ABCD,ASA,306776.0,Liam Nelson,Perez,Sharon,1961-04-18,65,Person,Yes,,No,No,,Yes,,,Home Telephone,Allowed,305.0,582-555-8377,lindajohnson@example.com,Residence ,7108 Park Ave,New York,NY,28218-8668,65-79: Next Chapters,$100k-$300K: Upper Core,Protect,Equitable,PK-00100,2000-01-12,12,10+ yrs,Group Retirement,Annuity,Equivest,Equivest,SEP,"$100,000 - $149,999",0.3372,4647556.35,189443.0,0.0,0.0,,,162000.0,,Group B,,,,,,,2026-02-16,,,,,,Y,,,,,,,Y,,,,,189443.0,1567156.0,4,Y
80030,XYZ,12345,ABCD,ASA,788666.0,Noah Carter,Perez,Kayla,1958-04-07,68,Person,Yes,,Yes,Yes,,Yes,,,Home Telephone,Allowed,305.0,853-555-3244,patriciajohnson@example.com,Residence ,7108 Park Ave,New York,NY,28218-8668,65-79: Next Chapters,$100k-$300K: Upper Core,Protect,Equitable,PK-00101,2000-01-12,18,10+ yrs,Group Retirement,Annuity,Equivest,Equivest,SEP,"$100,000 - $149,999",0.3372,4647556.35,790984.0,0.0,0.0,,,162000.0,,Group B,,,,,,,2026-04-27,,,,,,,,,,,,,Y,,,,,790984.0,1567156.0,4,Y
80030,XYZ,12345,ABCD,ASA,415268.0,William Grant,Perez,Amanda,1998-08-19,28,Person,Yes,,No,Yes,,,,,Home Telephone,Allowed,305.0,775-555-9851,lindajohnson@example.com,Mailing ,7108 Park Ave,New York,NY,28218-8668,<30: Career Starter,$100k-$300K: Upper Core,Develop,Equitable,PK-00102,2012-05-19,3,10+ yrs,Life,Life,Fixed Life,Term 30,Term 30,"$100,000 - $149,999",0.3372,4647556.35,0.0,103546.2,517731.0,Yes,,,115000.0,Group D,,,,,,,2026-02-21,,Y,,,,,,,,,,,,,,,,517731.0,1567156.0,4,Y
80031,XYZ,12345,ABCD,ASA,993626.0,Oliver Reed,Evans,Rose,1957-05-06,69,Person,No,Yes,No,Yes,,,,,Mobile Telephone,Allowed,617.0,520-555-6018,jennifermiller@example.com,Mailing ,7809 Park Ave,New York,NY,87603-3141,65-79: Next Chapters,$25K-$50K: Lower Core ,Manage,Equitable,PK-00103,2022-08-09,7,2-5 yrs,Wealth Management/Brokerage,Mutual Fund,Outside Investments,Outside Investments/ Retirement,Direct Fund Accounts,"<$30,000",0.486,3603983.54,138393.0,0.0,0.0,,2500.0,2000.0,4000.0,Group D,Yes,,,,,,2026-04-02,,Y,,,,,,,,,,,,,,,,138393.0,1751536.0,3,
80031,XYZ,12345,ABCD,ASA,752257.0,Sophia Lane,Evans,Andrew,1978-12-26,48,Person,Yes,,Yes,No,,Yes,,,Home Telephone,Allowed,617.0,944-555-6764,michaelmiller@example.com,Residence ,7809 Park Ave,New York,NY,87603-3141,40-52: Wealth Builder,$100k-$300K: Upper Core,Protect,Equitable,PK-00104,2000-01-12,4,10+ yrs,Group Retirement,Annuity,Equivest,Equivest,SEP,"$100,000 - $149,999",0.486,3603983.54,408414.0,0.0,0.0,,,162000.0,,Group B,,,,,,,2026-04-19,,,,,,,,,,,,,Y,,,,,408414.0,1751536.0,3,
80031,XYZ,12345,ABCD,ASA,886843.0,Liam Nelson,Evans,Alice,1945-01-18,81,Person,,,Yes,No,,,,Yes,,Allowed,617.0,797-555-4070,patriciamiller@example.com,Business,7809 Park Ave,New York,NY,87603-3141,80+: Legacy,$1M+: Wealth ,Develop,Equitable,PK-00105,2010-09-10,16,10+ yrs,Life,Life,Fixed Life,Life Paidup at 95,Life Paidup at 95,"$500,000+",0.486,3603983.54,0.0,240945.8,1204729.0,,,,3850000.0,Group B,,,,,,,2026-03-07,,,Y,,,,,,,,,Y,,,,,,1204729.0,1751536.0,3,
80032,XYZ,12345,ABCD,ASA,899478.0,Sophia Lane,Adams,Philip,1964-07-09,62,Person,Yes,,No,Yes,Probable Homeowner 70-79,Yes,,,Home Telephone,Allowed,212.0,601-555-6647,johndavis@example.com,Mailing ,6031 Park Ave,New York,NY,25586-4681,53-64: Pre-Retire,$300K-$1M: Affluent ,Protect,Equitable,PK-00106,1996-05-30,5,10+ yrs,Individual Retirement,Annuity,Equivest,Equivest,IRA,"$150,000 - $249,999",0.6315,929393.51,300713.0,0.0,0.0,,,650000.0,,Group B,,,,,,,2026-03-16,,,,,,,Y,,,,,Y,,,,,,300713.0,586912.0,2,
80032,XYZ,12345,ABCD,ASA,281937.0,Oliver Reed,Adams,Linda,2003-08-05,23,Person,Yes,,No,No,Homeowner,,,,Home Telephone,Allowed,212.0,835-555-9021,lindadavis@example.com,Mailing ,6031 Park Ave,New York,NY,25586-4681,<30: Career Starter,$300K-$1M: Affluent ,Develop,Genworth Life Insurance Company,PK-00107,2001-07-19,1,10+ yrs,Equitable Network,Equitable Network Life,Equitable Network Life,Life Contract,Life Contract,"$150,000 - $249,999",0.6315,929393.51,286199.0,0.0,0.0,,,,,Group B,,,,,,,2026-04-07,,,Y,,,,,,,,,,Y,,,,,286199.0,586912.0,2,
80033,XYZ,12345,ABCD,ASA,886843.0,Liam Nelson,Gomez,Stephen,1965-03-11,61,Person,Yes,,Yes,Yes,Homeowner,,Yes,,Business Telephone,Allowed,617.0,222-555-8189,jamessmith@example.com,Mailing ,1117 Park Ave,New York,NY,17258-2775,53-64: Pre-Retire,$100k-$300K: Upper Core,Maintain,Brighthouse Life Insurance Company,PK-00108,2016-02-24,16,5-10 yrs,Equitable Network,Equitable Network Life,Equitable Network Life,Life Contract,Life Contract,"$100,000 - $149,999",0.2121,8718632.72,38158.0,0.0,0.0,,,,,Group B,,,,,,,2026-04-09,,Y,,,,,,,,,Y,,,,,,,38158.0,1849222.0,6,
80033,XYZ,12345,ABCD,ASA,296118.0,Olivia Brooks,Gomez,David,1948-01-03,78,Person,Yes,,Yes,Yes,,Yes,,,Home Telephone,Allowed,617.0,393-555-8756,michaelsmith@example.com,Residence ,1117 Park Ave,New York,NY,17258-2775,65-79: Next Chapters,$100k-$300K: Upper Core,Protect,Equitable,PK-00109,2000-01-12,7,10+ yrs,Group Retirement,Annuity,Equivest,Equivest,SEP,"$100,000 - $149,999",0.2121,8718632.72,696313.0,0.0,0.0,,,162000.0,,Group B,,,,,,,2026-04-16,,,,,,,,,,,,,Y,,,,,696313.0,1849222.0,6,
80033,XYZ,12345,ABCD,ASA,415268.0,William Grant,Gomez,Russell,1986-11-20,40,Person,Yes,,Yes,No,Probably Renter,,,,Home Telephone,Allowed,617.0,974-555-2164,robertsmith@example.com,Mailing ,1117 Park Ave,New York,NY,17258-2775,30-40: Life Builder,$1M+: Wealth ,Develop,AXA Equitable,PK-00110,1998-10-14,5,10+ yrs,Individual Retirement,Annuity,Accumulator,Income Manager,Accumulator NQ,"$500,000+",0.2121,8718632.72,352663.0,0.0,0.0,,,2520000.0,,Group B,,,,,,,2026-03-29,,Y,,,,,,,,,,,,,,,,352663.0,1849222.0,6,
80033,XYZ,12345,ABCD,ASA,788666.0,Noah Carter,Gomez,Helen,1950-07-10,76,Person,Yes,,Yes,Yes,,Yes,,,Home Telephone,Allowed,617.0,677-555-7846,jennifersmith@example.com,Residence ,1117 Park Ave,New York,NY,17258-2775,65-79: Next Chapters,$100k-$300K: Upper Core,Protect,Equitable,PK-00111,2000-01-12,17,10+ yrs,Group Retirement,Annuity,Equivest,Equivest,SEP,"$100,000 - $149,999",0.2121,8718632.72,146649.0,0.0,0.0,,,162000.0,,Group B,,,,,,,2026-04-20,,,,,,,,,,,,,Y,,,,,146649.0,1849222.0,6,
80033,XYZ,12345,ABCD,ASA,296118.0,Olivia Brooks,Gomez,Margaret,1965-05-03,61,Person,No,Yes,No,No,Probable Homeowner 80-89,,,,Mobile Telephone,Allowed,617.0,517-555-7657,lindasmith@example.com,Mailing ,1117 Park Ave,New York,NY,17258-2775,53-64: Pre-Retire,$25K-$50K: Lower Core ,Manage,Lincoln Life Insurance Annuity Co of NY,PK-00112,2020-06-17,19,2-5 yrs,Equitable Network,Equitable Network Annuity,Equitable Network Annuity,Annuity Contract,Annuity Contract,"<$30,000",0.2121,8718632.72,183161.0,0.0,0.0,,2500.0,2000.0,4000.0,Group D,Yes,,,,,,2026-02-10,,,,,,,,,,,,Y,,,,,,183161.0,1849222.0,6,
80033,XYZ,12345,ABCD,ASA,788666.0,Noah Carter,Gomez,Brittany,1977-09-24,49,Person,,,Yes,No,Probably Renter,,,,Home Telephone,Not Allowed,617.0,316-555-2599,marysmith@example.com,Residence ,1117 Park Ave,New York,NY,17258-2775,40-52: Wealth Builder, $50K-$100K: Middle Core ,Maintain,AXA Equitable,PK-00113,2007-12-21,10,10+ yrs,Individual Retirement,Annuity,Accumulator,Equitable,Guaranteed Growth Annuity,"$60,000 - $99,999",0.2121,8718632.72,432278.0,0.0,0.0,,,93000.0,,Group B,Yes,,,,,,2026-04-30,,,Y,,,,,Y,,,Y,,,,,,Y,432278.0,1849222.0,6,
80034,XYZ,12345,ABCD,OSA,788666.0,Noah Carter,Gutierrez,Megan,1994-10-03,32,Person,Yes,,Yes,Yes,Probably Renter,Yes,,,Home Telephone,Allowed,415.0,616-555-9707,patriciajohnson@example.com,Residence ,4998 Park Ave,New York,NY,48492-3769,30-40: Life Builder,$300K-$1M: Affluent ,Develop,Equitable,PK-00114,2006-08-30,14,10+ yrs,Life,Life,Interest Sensitive,Univeral Life 2002,Univeral Life 2002,"$150,000 - $249,999",0.6934,3272911.74,0.0,43345.8,216729.0,,,,330000.0,Group C,,,,,,,2026-03-22,,,,,,,,,,,,,,,Y,,,216729.0,2269437.0,4,
80034,XYZ,12345,ABCD,OSA,752257.0,Sophia Lane,Gutierrez,Jean,1953-01-17,73,Person,,,Yes,No,,,,Yes,,Allowed,415.0,136-555-6695,patriciajohnson@example.com,Business,4998 Park Ave,New York,NY,48492-3769,65-79: Next Chapters,$1M+: Wealth ,Develop,Equitable,PK-00115,2019-10-01,19,5-10 yrs,Life,Life,Interest Sensitive,Univeral Life 2002,Univeral Life 2002,"$500,000+",0.6934,3272911.74,0.0,247794.6,1238973.0,,,,3430000.0,Group B,,,,,,,2026-02-15,,,,Y,,,,,,,,,,Y,,,,1238973.0,2269437.0,4,
80034,XYZ,12345,ABCD,OSA,886843.0,Liam Nelson,Gutierrez,Brandon,1974-07-25,52,Person,No,Yes,No,No,Probable Homeowner 80-89,,,,Mobile Telephone,Allowed,415.0,722-555-9796,johnjohnson@example.com,Mailing ,4998 Park Ave,New York,NY,48492-3769,40-52: Wealth Builder,$25K-$50K: Lower Core ,Manage,Lincoln Life Insurance Annuity Co of NY,PK-00116,2020-06-17,10,2-5 yrs,Equitable Network,Equitable Network Annuity,Equitable Network Annuity,Annuity Contract,Annuity Contract,"<$30,000",0.6934,3272911.74,179813.0,0.0,0.0,,2500.0,2000.0,4000.0,Group D,Yes,,,,,,2026-04-29,,,,,,,,,,,,Y,,,,,,179813.0,2269437.0,4,
80034,XYZ,12345,ABCD,OSA,752257.0,Sophia Lane,Gutierrez,Roy,2004-06-01,22,Person,Yes,,No,Yes,Homeowner,Yes,Yes,,Business Telephone,Allowed,415.0,869-555-9976,jamesjohnson@example.com,Mailing ,4998 Park Ave,New York,NY,48492-3769,<30: Career Starter,$100k-$300K: Upper Core,Protect,Equitable,PK-00117,2015-11-02,7,5-10 yrs,Wealth Management/Brokerage,Mutual Fund,Outside Investments,Outside Investments/ Retirement,Direct Fund Accounts,"$100,000 - $149,999",0.6934,3272911.74,633922.0,0.0,0.0,Yes,70000.0,,46000.0,Group B,,,,,,,2026-02-05,Y,,,,,,,,,,,,,,,Y,,633922.0,2269437.0,4,
80035,XYZ,12345,ABCD,OSA,752257.0,Sophia Lane,Flores,Janice,1964-08-18,62,Person,Yes,,Yes,No,Homeowner,Yes,Yes,,Business Telephone,Allowed,212.0,432-555-6900,maryjones@example.com,Mailing ,1858 Park Ave,New York,NY,86504-3500,53-64: Pre-Retire,$100k-$300K: Upper Core,Protect,Equitable,PK-00118,2015-11-02,4,5-10 yrs,Wealth Management/Brokerage,Mutual Fund,Outside Investments,Outside Investments/ Retirement,Direct Fund Accounts,"$100,000 - $149,999",0.5203,295585.24,153793.0,0.0,0.0,Yes,70000.0,,46000.0,Group B,,,,,,,2026-02-15,Y,,Y,,,,Y,,,,,,,,,Y,,153793.0,153793.0,1,
80036,XYZ,12345,ABCD,ASA,354432.0,Emma Hayes,Ortiz,Randy,1990-05-22,36,Person,Yes,,Yes,No,Probable Homeowner 70-79,Yes,,,Home Telephone,Allowed,305.0,227-555-4078,jameswilliams@example.com,Mailing ,1807 Park Ave,New York,NY,21021-7461,30-40: Life Builder,$300K-$1M: Affluent ,Protect,Equitable,PK-00119,1996-05-30,5,10+ yrs,Individual Retirement,Annuity,Equivest,Equivest,IRA,"$150,000 - $249,999",0.3188,1377192.6,439049.0,0.0,0.0,,,650000.0,,Group B,,,,,,,2026-04-04,,,,,,,,,,,,Y,,,,,,439049.0,439049.0,1,
80037,XYZ,12345,ABCD,OSA,296118.0,Olivia Brooks,Wright,Randy,1948-02-06,78,Person,Yes,,No,No,,Yes,,,Home Telephone,Allowed,415.0,363-555-3852,jamesmiller@example.com,Residence ,3332 Park Ave,New York,NY,28159-6461,65-79: Next Chapters,$100k-$300K: Upper Core,Protect,Equitable,PK-00120,2000-01-12,11,10+ yrs,Group Retirement,Annuity,Equivest,Equivest,SEP,"$100,000 - $149,999",0.0583,69627084.05,303189.0,0.0,0.0,,,162000.0,,Group B,,,,,,,2026-04-04,,,,,,,,,,,,,Y,,,,,303189.0,4059259.0,6,Y
80037,XYZ,12345,ABCD,OSA,993626.0,Oliver Reed,Wright,Amy,1983-08-16,43,Person,Yes,,Yes,No,,Yes,,,Home Telephone,Allowed,415.0,724-555-6530,lindamiller@example.com,Residence ,3332 Park Ave,New York,NY,28159-6461,40-52: Wealth Builder,$100k-$300K: Upper Core,Protect,Equitable,PK-00121,2000-01-12,10,10+ yrs,Group Retirement,Annuity,Equivest,Equivest,SEP,"$100,000 - $149,999",0.0583,69627084.05,294714.0,0.0,0.0,,,162000.0,,Group B,,,,,,,2026-03-20,,,,,,,,,,,,,Y,,,,,294714.0,4059259.0,6,Y
80037,XYZ,12345,ABCD,OSA,619914.0,Emma Hayes,Wright,Benjamin,1977-09-19,49,Person,,Yes,No,No,,Yes,,,Personal Email,Allowed,415.0,778-555-8083,robertmiller@example.com,Mailing ,3332 Park Ave,New York,NY,28159-6461,40-52: Wealth Builder,$25K-$50K: Lower Core ,Manage,Equitable,PK-00122,2019-06-25,5,5-10 yrs,Life,Life,Fixed Life,Whole Life 50,Whole Life 50,"$30,000 - $59,999",0.0583,69627084.05,0.0,347696.0,1738480.0,,,,14250.0,Group D,,,,,,,2026-02-22,,,,,,,,,,,Y,,,,,,,1738480.0,4059259.0,6,Y
80037,XYZ,12345,ABCD,OSA,788666.0,Noah Carter,Wright,Alexander,1975-12-24,51,Person,Yes,,Yes,Yes,Probable Homeowner 70-79,Yes,,,Home Telephone,Allowed,415.0,778-555-2664,michaelmiller@example.com,Mailing ,3332 Park Ave,New York,NY,28159-6461,40-52: Wealth Builder,$300K-$1M: Affluent ,Protect,Equitable,PK-00123,1996-05-30,9,10+ yrs,Individual Retirement,Annuity,Equivest,Equivest,IRA,"$150,000 - $249,999",0.0583,69627084.05,764446.0,0.0,0.0,,,650000.0,,Group B,,,,,,,2026-03-04,,,,,,,,,,,,Y,,,,,,764446.0,4059259.0,6,Y
80037,XYZ,12345,ABCD,OSA,993626.0,Oliver Reed,Wright,Richard,1948-05-24,78,Person,Yes,,Yes,No,Probable Homeowner 70-79,Yes,,,Home Telephone,Allowed,415.0,635-555-9672,johnmiller@example.com,Mailing ,3332 Park Ave,New York,NY,28159-6461,65-79: Next Chapters,$300K-$1M: Affluent ,Protect,Equitable,PK-00124,1996-05-30,14,10+ yrs,Individual Retirement,Annuity,Equivest,Equivest,IRA,"$150,000 - $249,999",0.0583,69627084.05,234997.0,0.0,0.0,,,650000.0,,Group B,,,,,,,2026-02-11,,Y,,,,,,,,Y,,Y,,,,,,234997.0,4059259.0,6,Y
80037,XYZ,12345,ABCD,OSA,619914.0,Emma Hayes,Wright,Jean,1996-04-05,30,Person,Yes,,No,Yes,Homeowner,,,,Home Telephone,Allowed,415.0,471-555-9811,lindamiller@example.com,Mailing ,3332 Park Ave,New York,NY,28159-6461,30-40: Life Builder,$300K-$1M: Affluent ,Develop,Genworth Life Insurance Company,PK-00125,2001-07-19,19,10+ yrs,Equitable Network,Equitable Network Life,Equitable Network Life,Life Contract,Life Contract,"$150,000 - $249,999",0.0583,69627084.05,723433.0,0.0,0.0,,,,,Group B,,,,,,,2026-03-02,,Y,,,,,,,,,,,Y,,,,,723433.0,4059259.0,6,Y
80038,XYZ,12345,ABCD,OSA,296118.0,Olivia Brooks,Stewart,Jason,1971-08-07,55,Person,Yes,,No,Yes,,Yes,,,Home Telephone,Allowed,212.0,939-555-7560,jamessmith@example.com,Residence ,9540 Park Ave,New York,NY,10867-6798,53-64: Pre-Retire,$100k-$300K: Upper Core,Protect,Equitable,PK-00126,2000-01-12,7,10+ yrs,Group Retirement,Annuity,Equivest,Equivest,SEP,"$100,000 - $149,999",0.3381,2409310.85,140707.0,0.0,0.0,,,162000.0,,Group B,,,,,,,2026-02-15,,,,,,,,,,,,,Y,Y,,,,140707.0,814588.0,3,
80038,XYZ,12345,ABCD,OSA,993626.0,Oliver Reed,Stewart,Cynthia,1948-06-20,78,Person,Yes,,Yes,No,,Yes,,,Home Telephone,Allowed,212.0,204-555-1028,marysmith@example.com,Residence ,9540 Park Ave,New York,NY,10867-6798,65-79: Next Chapters,$100k-$300K: Upper Core,Protect,Equitable,PK-00127,2000-01-12,12,10+ yrs,Group Retirement,Annuity,Equivest,Equivest,SEP,"$100,000 - $149,999",0.3381,2409310.85,388964.0,0.0,0.0,,,162000.0,,Group B,,,,,,,2026-04-29,,,,,,,,,,,,,Y,,,,,388964.0,814588.0,3,
80038,XYZ,12345,ABCD,OSA,,,Stewart,Terry,1945-04-02,81,Person,Yes,,Yes,Yes,Homeowner,,Yes,,Business Telephone,Allowed,212.0,837-555-4881,jamessmith@example.com,Mailing ,9540 Park Ave,New York,NY,10867-6798,80+: Legacy,$100k-$300K: Upper Core,Maintain,Brighthouse Life Insurance Company,PK-00128,2016-02-24,11,5-10 yrs,Equitable Network,Equitable Network Life,Equitable Network Life,Life Contract,Life Contract,"$100,000 - $149,999",0.3381,2409310.85,284917.0,0.0,0.0,,,,,Group B,,,,,,,2026-03-08,,Y,Y,,,,,,,,Y,,,,,,,284917.0,814588.0,3,
80039,XYZ,12345,ABCD,ASA,788666.0,Noah Carter,Hill,Lori,1985-11-10,41,Person,Yes,,No,Yes,,Yes,,,Home Telephone,Allowed,212.0,461-555-2808,lindajones@example.com,Residence ,5686 Park Ave,New York,NY,38450-6932,40-52: Wealth Builder,$100k-$300K: Upper Core,Protect,Equitable,PK-00129,2000-01-12,8,10+ yrs,Group Retirement,Annuity,Equivest,Equivest,SEP,"$100,000 - $149,999",0.2557,4890723.5,260360.0,0.0,0.0,,,162000.0,,Group B,,,,,,,2026-03-21,,,Y,,,,,,,,,,Y,,,,,260360.0,1250558.0,3,Y
80039,XYZ,12345,ABCD,ASA,886843.0,Liam Nelson,Hill,Frances,1980-03-06,46,Person,Yes,,Yes,Yes,,Yes,,,Home Telephone,Allowed,212.0,181-555-6164,patriciajones@example.com,Residence ,5686 Park Ave,New York,NY,38450-6932,40-52: Wealth Builder,$100k-$300K: Upper Core,Protect,Equitable,PK-00130,2000-01-12,3,10+ yrs,Group Retirement,Annuity,Equivest,Equivest,SEP,"$100,000 - $149,999",0.2557,4890723.5,468459.0,0.0,0.0,,,162000.0,,Group B,,,,,,,2026-04-27,,,,,,,,,,,,,Y,,,,,468459.0,1250558.0,3,Y
80039,XYZ,12345,ABCD,ASA,,,Hill,Lawrence,1978-01-21,48,Person,Yes,,No,Yes,Probably Renter,,,,Home Telephone,Allowed,212.0,265-555-8535,michaeljones@example.com,Mailing ,5686 Park Ave,New York,NY,38450-6932,40-52: Wealth Builder,$1M+: Wealth ,Develop,AXA Equitable,PK-00131,1998-10-14,1,10+ yrs,Individual Retirement,Annuity,Accumulator,Income Manager,Accumulator NQ,"$500,000+",0.2557,4890723.5,521739.0,0.0,0.0,,,2520000.0,,Group B,,,,,,,2026-03-16,,Y,,,,,,,,,,,,,,,,521739.0,1250558.0,3,Y
80040,XYZ,12345,ABCD,ASA,296118.0,Olivia Brooks,Global Tech Corp,,1985-06-15,41,Organization,,,,,,,,,,,,,global tech corp@example.com,Mailing ,9345 Park Ave,New York,NY,96211-3703,,$300K-$1M: Affluent ,Protect,Equitable,PK-00132,2010-11-18,5,10+ yrs,Life,Life,Fixed Life,Term 30,Term 30,"$150,000 - $249,999",0.3232,12276169.55,0.0,186700.6,933503.0,,,,360000.0,Group C,,,,,,,2026-02-06,,Y,,,,,,,,,,,,,,,,933503.0,3967658.0,6,
80040,XYZ,12345,ABCD,ASA,306776.0,Liam Nelson,Global Tech Corp,,1985-06-15,41,Organization,,,,,,,,,,,,,global tech corp@example.com,Residence ,9345 Park Ave,New York,NY,96211-3703,,$100k-$300K: Upper Core,Protect,Equitable,PK-00133,2000-01-12,17,10+ yrs,Group Retirement,Annuity,Equivest,Equivest,SEP,"$100,000 - $149,999",0.3232,12276169.55,735958.0,0.0,0.0,,,162000.0,,Group B,,,,,,,2026-02-19,,,,,,,,,,,,,Y,,,,,735958.0,3967658.0,6,
80040,XYZ,12345,ABCD,ASA,993626.0,Oliver Reed,Global Tech Corp,,1985-06-15,41,Organization,,,,,,,,,,,,,global tech corp@example.com,Residence ,9345 Park Ave,New York,NY,96211-3703,,$100k-$300K: Upper Core,Protect,Equitable,PK-00134,2000-01-12,1,10+ yrs,Group Retirement,Annuity,Equivest,Equivest,SEP,"$100,000 - $149,999",0.3232,12276169.55,590410.0,0.0,0.0,,,162000.0,,Group B,,,,,,,2026-03-06,,,,,,,,,,,,,Y,,,,,590410.0,3967658.0,6,
80040,XYZ,12345,ABCD,ASA,788666.0,Noah Carter,Global Tech Corp,,1985-06-15,41,Organization,,,,,,,,,,,,,global tech corp@example.com,Mailing ,9345 Park Ave,New York,NY,96211-3703,,$100k-$300K: Upper Core,Maintain,Brighthouse Life Insurance Company,PK-00135,2016-02-24,19,5-10 yrs,Equitable Network,Equitable Network Life,Equitable Network Life,Life Contract,Life Contract,"$100,000 - $149,999",0.3232,12276169.55,552725.0,0.0,0.0,,,,,Group B,,,,,,,2026-02-25,,Y,,,,,,,,,Y,,,,,,,552725.0,3967658.0,6,
80040,XYZ,12345,ABCD,ASA,752257.0,Sophia Lane,Global Tech Corp,,1985-06-15,41,Organization,,,,,,,,,,,,,global tech corp@example.com,Mailing ,9345 Park Ave,New York,NY,96211-3703,,$300K-$1M: Affluent ,Develop,Equitable,PK-00136,2018-09-20,10,2-5 yrs,Wealth Management/Brokerage,Mutual Fund,Outside Investments,Outside Investments/ Retirement,Direct Fund Accounts,"$150,000 - $249,999",0.3232,12276169.55,383451.0,0.0,0.0,,110000.0,170000.0,80000.0,Group A,,,,,,,2026-03-12,,,,,,,,,,,,,,,,,,383451.0,3967658.0,6,
80040,XYZ,12345,ABCD,ASA,619914.0,Emma Hayes,Global Tech Corp,,1985-06-15,41,Organization,,,,,,,,,,,,,global tech corp@example.com,Mailing ,9345 Park Ave,New York,NY,96211-3703,,$25K-$50K: Lower Core ,Manage,Lincoln Life Insurance Annuity Co of NY,PK-00137,2020-06-17,9,2-5 yrs,Equitable Network,Equitable Network Annuity,Equitable Network Annuity,Annuity Contract,Annuity Contract,"<$30,000",0.3232,12276169.55,771611.0,0.0,0.0,,2500.0,2000.0,4000.0,Group D,Yes,,,,,,2026-03-27,,,,,,,,,,,,Y,,,,,,771611.0,3967658.0,6,
80041,XYZ,12345,ABCD,ASA,764375.0,Olivia Brooks,Reyes,Hannah,1972-03-26,54,Person,No,Yes,No,Yes,Probable Homeowner 80-89,,,,Mobile Telephone,Allowed,415.0,298-555-5908,marymiller@example.com,Mailing ,1434 Park Ave,New York,NY,33104-7251,53-64: Pre-Retire,$25K-$50K: Lower Core ,Manage,Lincoln Life Insurance Annuity Co of NY,PK-00138,2020-06-17,8,2-5 yrs,Equitable Network,Equitable Network Annuity,Equitable Network Annuity,Annuity Contract,Annuity Contract,"<$30,000",0.7498,1198674.31,118623.0,0.0,0.0,,2500.0,2000.0,4000.0,Group D,Yes,,,,,,2026-04-17,,Y,,,,,,,,,,Y,,,,,,118623.0,898766.0,3,Y
80041,XYZ,12345,ABCD,ASA,619914.0,Emma Hayes,Reyes,Jennifer,1993-03-25,33,Person,No,Yes,No,Yes,Probable Homeowner 80-89,,,,Mobile Telephone,Allowed,415.0,481-555-4516,lindamiller@example.com,Mailing ,1434 Park Ave,New York,NY,33104-7251,30-40: Life Builder,$25K-$50K: Lower Core ,Manage,Lincoln Life Insurance Annuity Co of NY,PK-00139,2020-06-17,7,2-5 yrs,Equitable Network,Equitable Network Annuity,Equitable Network Annuity,Annuity Contract,Annuity Contract,"<$30,000",0.7498,1198674.31,398174.0,0.0,0.0,,2500.0,2000.0,4000.0,Group D,Yes,,,,,,2026-03-28,,Y,,,,,,,,,,Y,,,,,,398174.0,898766.0,3,Y
80041,XYZ,12345,ABCD,ASA,306776.0,Liam Nelson,Reyes,Angela,1949-03-22,77,Person,,,Yes,No,,,,,,,415.0,452-555-3566,patriciamiller@example.com,Mailing ,1434 Park Ave,New York,NY,33104-7251,65-79: Next Chapters,$25K-$50K: Lower Core ,Manage,Equitable,PK-00140,2024-01-05,15,2-5 yrs,Equitable Network,Life,Variable Life,II99,II99,"<$30,000",0.7498,1198674.31,381969.0,0.0,0.0,,2500.0,2000.0,4000.0,Group D,,,,,,,2026-04-25,,,,,,,,,,,,,,,,Y,,381969.0,898766.0,3,Y
80042,XYZ,12345,ABCD,OSA,788666.0,Noah Carter,Parker,Juan,2004-10-23,22,Person,Yes,,No,No,,Yes,,,Home Telephone,Allowed,212.0,705-555-8008,robertdavis@example.com,Residence ,7241 Park Ave,New York,NY,58682-5791,<30: Career Starter,$100k-$300K: Upper Core,Protect,Equitable,PK-00141,2000-01-12,12,10+ yrs,Group Retirement,Annuity,Equivest,Equivest,SEP,"$100,000 - $149,999",0.526,1036655.89,248534.0,0.0,0.0,,,162000.0,,Group B,,,,,,,2026-03-02,,,,,,,,,,,,,Y,,,,,248534.0,545281.0,2,
80042,XYZ,12345,ABCD,OSA,993626.0,Oliver Reed,Parker,Stephen,1985-09-10,41,Person,Yes,,No,Yes,Homeowner,,,,Home Telephone,Allowed,212.0,340-555-6107,jamesdavis@example.com,Mailing ,7241 Park Ave,New York,NY,58682-5791,40-52: Wealth Builder,$300K-$1M: Affluent ,Develop,Genworth Life Insurance Company,PK-00142,2001-07-19,4,10+ yrs,Equitable Network,Equitable Network Life,Equitable Network Life,Life Contract,Life Contract,"$150,000 - $249,999",0.526,1036655.89,296747.0,0.0,0.0,,,,,Group B,,,,,,,2026-02-18,,Y,,,,,,,,,,,Y,,,,,296747.0,545281.0,2,
80043,XYZ,12345,ABCD,ASA,306776.0,Liam Nelson,Kim,Alan,1975-04-07,51,Person,Yes,,Yes,Yes,,Yes,,,Home Telephone,Allowed,415.0,327-555-8945,michaelbrown@example.com,Residence ,558 Park Ave,New York,NY,60600-2168,40-52: Wealth Builder,$100k-$300K: Upper Core,Protect,Equitable,PK-00143,2000-01-12,17,10+ yrs,Group Retirement,Annuity,Equivest,Equivest,SEP,"$100,000 - $149,999",0.6444,322543.45,207847.0,0.0,0.0,,,162000.0,,Group B,,,,,,,2026-02-25,,,Y,,,,,,,,,,Y,,,,,207847.0,207847.0,1,
80044,XYZ,12345,ABCD,ASA,306776.0,Liam Nelson,Summit Partners,,1985-06-15,41,Organization,,,,,,,,,,,,,summit partners@example.com,Residence ,1475 Park Ave,New York,NY,18207-1254,,$100k-$300K: Upper Core,Protect,Equitable,PK-00144,2000-01-12,12,10+ yrs,Group Retirement,Annuity,Equivest,Equivest,SEP,"$100,000 - $149,999",0.8175,4033640.37,780891.0,0.0,0.0,,,162000.0,,Group B,,,,,,,2026-04-14,,,Y,,,,,,,,,,Y,,,,,780891.0,3297501.0,6,Y
80044,XYZ,12345,ABCD,ASA,306776.0,Liam Nelson,Summit Partners,,1985-06-15,41,Organization,,,,,,,,,,,,,summit partners@example.com,Residence ,1475 Park Ave,New York,NY,18207-1254,,$100k-$300K: Upper Core,Protect,Equitable,PK-00145,2000-01-12,17,10+ yrs,Group Retirement,Annuity,Equivest,Equivest,SEP,"$100,000 - $149,999",0.8175,4033640.37,50310.0,0.0,0.0,,,162000.0,,Group B,,,,,,,2026-03-02,,,,,,,,,,,,,Y,,,,,50310.0,3297501.0,6,Y
80044,XYZ,12345,ABCD,ASA,788666.0,Noah Carter,Summit Partners,,1985-06-15,41,Organization,,,,,,,,,,,,,summit partners@example.com,Residence ,1475 Park Ave,New York,NY,18207-1254,,$100k-$300K: Upper Core,Protect,Equitable,PK-00146,2000-01-12,3,10+ yrs,Group Retirement,Annuity,Equivest,Equivest,SEP,"$100,000 - $149,999",0.8175,4033640.37,319177.0,0.0,0.0,,,162000.0,,Group B,,,,,,,2026-03-06,,,,,,,,,,,,,Y,,,,,319177.0,3297501.0,6,Y
80044,XYZ,12345,ABCD,ASA,993626.0,Oliver Reed,Summit Partners,,1985-06-15,41,Organization,,,,,,,,,,,,,summit partners@example.com,Mailing ,1475 Park Ave,New York,NY,18207-1254,,$25K-$50K: Lower Core ,Manage,Lincoln Life Insurance Annuity Co of NY,PK-00147,2020-06-17,8,2-5 yrs,Equitable Network,Equitable Network Annuity,Equitable Network Annuity,Annuity Contract,Annuity Contract,"<$30,000",0.8175,4033640.37,461840.0,0.0,0.0,,2500.0,2000.0,4000.0,Group D,Yes,,,,,,2026-04-01,,,,,,,,,,,,Y,,,,,,461840.0,3297501.0,6,Y
80044,XYZ,12345,ABCD,ASA,,,Summit Partners,,1985-06-15,41,Organization,,,,,,,,,,,,,summit partners@example.com,Mailing ,1475 Park Ave,New York,NY,18207-1254,,$25K-$50K: Lower Core ,Manage,Equitable,PK-00148,2024-01-05,8,2-5 yrs,Life,Life,Variable Life,II99,II99,"<$30,000",0.8175,4033640.37,0.0,284064.6,1420323.0,,2500.0,2000.0,4000.0,Group D,,,,,,,2026-02-27,,Y,,,,,,,,,,,,,,Y,,1420323.0,3297501.0,6,Y
80044,XYZ,12345,ABCD,ASA,788666.0,Noah Carter,Summit Partners,,1985-06-15,41,Organization,,,,,,,,,,,,,summit partners@example.com,Mailing ,1475 Park Ave,New York,NY,18207-1254,,$1M+: Wealth ,Develop,AXA Equitable,PK-00149,1995-03-15,10,2-5 yrs,Life,Annuity,Accumulator,Equitable,Accumulator Plus IRA,"$150,000 - $249,999",0.8175,4033640.37,0.0,52992.0,264960.0,,110000.0,170000.0,80000.0,Group A,Yes,,,,,,2026-03-22,,Y,,,,,,,,,Y,,,,,,,264960.0,3297501.0,6,Y
80045,XYZ,12345,ABCD,OSA,993626.0,Oliver Reed,Thompson,Dennis,1995-07-18,31,Person,Yes,,Yes,Yes,Renter,,,,Home Telephone,Not Allowed,212.0,429-555-8146,robertdavis@example.com,Mailing ,2320 Park Ave,New York,NY,50733-6492,30-40: Life Builder,$300K-$1M: Affluent ,Develop,AXA Equitable,PK-00150,2003-09-11,11,10+ yrs,Individual Retirement,Annuity,Accumulator,Income Manager,Rollover IRA,"$100,000 - $149,999",0.346,3048283.24,765801.0,0.0,0.0,,,80000.0,115000.0,Group B,,,,,,,2026-04-22,Y,,,,,,,,,,,,,,,,,765801.0,1054706.0,2,
80045,XYZ,12345,ABCD,OSA,306776.0,Liam Nelson,Thompson,Sophia,1983-10-18,43,Person,Yes,,Yes,Yes,,Yes,,,Home Telephone,Allowed,212.0,876-555-2645,lindadavis@example.com,Residence ,2320 Park Ave,New York,NY,50733-6492,40-52: Wealth Builder,$100k-$300K: Upper Core,Protect,Equitable,PK-00151,2000-01-12,11,10+ yrs,Group Retirement,Annuity,Equivest,Equivest,SEP,"$100,000 - $149,999",0.346,3048283.24,288905.0,0.0,0.0,,,162000.0,,Group B,,,,,,,2026-03-20,,,,,,,,,,,,,Y,,,,,288905.0,1054706.0,2,
80046,XYZ,12345,ABCD,OSA,752257.0,Sophia Lane,Murphy,Ann,1990-10-26,36,Person,No,Yes,Yes,Yes,Probable Homeowner 80-89,,,,Mobile Telephone,Allowed,415.0,698-555-1454,lindabrown@example.com,Mailing ,9549 Park Ave,New York,NY,45429-1218,30-40: Life Builder,$25K-$50K: Lower Core ,Manage,Lincoln Life Insurance Annuity Co of NY,PK-00152,2020-06-17,17,2-5 yrs,Equitable Network,Equitable Network Annuity,Equitable Network Annuity,Annuity Contract,Annuity Contract,"<$30,000",0.3527,7096850.01,510029.0,0.0,0.0,,2500.0,2000.0,4000.0,Group D,Yes,,,,,,2026-03-26,,Y,,,,,,,,,,Y,,,,,,510029.0,2503059.0,5,Y
80046,XYZ,12345,ABCD,OSA,,,Murphy,Anthony,1990-11-14,36,Person,No,Yes,Yes,No,Probable Homeowner 80-89,,,,Mobile Telephone,Allowed,415.0,504-555-5452,michaelbrown@example.com,Mailing ,9549 Park Ave,New York,NY,45429-1218,30-40: Life Builder,$25K-$50K: Lower Core ,Manage,Lincoln Life Insurance Annuity Co of NY,PK-00153,2020-06-17,11,2-5 yrs,Equitable Network,Equitable Network Annuity,Equitable Network Annuity,Annuity Contract,Annuity Contract,"<$30,000",0.3527,7096850.01,580909.0,0.0,0.0,,2500.0,2000.0,4000.0,Group D,Yes,,,,,,2026-03-19,,Y,,,,,,,,,,Y,,,,,,580909.0,2503059.0,5,Y
80046,XYZ,12345,ABCD,OSA,306776.0,Liam Nelson,Murphy,Jonathan,1993-02-17,33,Person,Yes,,Yes,No,,Yes,,,Home Telephone,Allowed,415.0,928-555-8895,michaelbrown@example.com,Residence ,9549 Park Ave,New York,NY,45429-1218,30-40: Life Builder,$100k-$300K: Upper Core,Protect,Equitable,PK-00154,2000-01-12,3,10+ yrs,Group Retirement,Annuity,Equivest,Equivest,SEP,"$100,000 - $149,999",0.3527,7096850.01,346619.0,0.0,0.0,,,162000.0,,Group B,,,,,,,2026-03-09,,,,,,,,,,,,,Y,,,,,346619.0,2503059.0,5,Y
80046,XYZ,12345,ABCD,OSA,306776.0,Liam Nelson,Murphy,Julia,2004-07-01,22,Person,Yes,,Yes,Yes,,Yes,,,Home Telephone,Allowed,415.0,778-555-7825,jenniferbrown@example.com,Residence ,9549 Park Ave,New York,NY,45429-1218,<30: Career Starter,$100k-$300K: Upper Core,Protect,Equitable,PK-00155,2000-01-12,18,10+ yrs,Group Retirement,Annuity,Equivest,Equivest,SEP,"$100,000 - $149,999",0.3527,7096850.01,629862.0,0.0,0.0,,,162000.0,,Group B,,,,,,,2026-03-20,,,,,,,,,,,,,Y,,,,,629862.0,2503059.0,5,Y
80046,XYZ,12345,ABCD,OSA,415268.0,William Grant,Murphy,Nicole,1983-08-05,43,Person,Yes,,Yes,Yes,,Yes,,,Home Telephone,Allowed,415.0,922-555-6968,jenniferbrown@example.com,Residence ,9549 Park Ave,New York,NY,45429-1218,40-52: Wealth Builder,$100k-$300K: Upper Core,Protect,Equitable,PK-00156,2000-01-12,10,10+ yrs,Group Retirement,Annuity,Equivest,Equivest,SEP,"$100,000 - $149,999",0.3527,7096850.01,435640.0,0.0,0.0,,,162000.0,,Group B,,,,,,,2026-02-11,,,,,,,,,,,,,Y,,,,,435640.0,2503059.0,5,Y
80047,XYZ,12345,ABCD,OSA,354432.0,Emma Hayes,Global Tech Corp,,1985-06-15,41,Organization,,,,,,,,,,,,,global tech corp@example.com,Mailing ,9211 Park Ave,New York,NY,57570-3193,,$300K-$1M: Affluent ,Develop,Genworth Life Insurance Company,PK-00157,2010-06-12,6,2-5 yrs,Equitable Network,Equitable Network Life,Equitable Network Life,Life Contract,Life Contract,"$150,000 - $249,999",0.8125,1340168.62,493130.0,0.0,0.0,,110000.0,170000.0,80000.0,Group A,,,,,,,2026-02-10,,Y,,,,,,,,,,Y,,,,,,493130.0,1088887.0,2,
80047,XYZ,12345,ABCD,OSA,281937.0,Oliver Reed,Global Tech Corp,,1985-06-15,41,Organization,,,,,,,,,,,,,global tech corp@example.com,Mailing ,9211 Park Ave,New York,NY,57570-3193,,$25K-$50K: Lower Core ,Manage,Lincoln Life Insurance Annuity Co of NY,PK-00158,2020-06-17,2,2-5 yrs,Equitable Network,Equitable Network Annuity,Equitable Network Annuity,Annuity Contract,Annuity Contract,"<$30,000",0.8125,1340168.62,595757.0,0.0,0.0,,2500.0,2000.0,4000.0,Group D,Yes,,,,,,2026-02-08,,Y,,,,,,,,,,Y,,,,,,595757.0,1088887.0,2,
80048,XYZ,12345,ABCD,ASA,399927.0,Ava Foster,Rogers,Eugene,1974-07-04,52,Person,Yes,,Yes,No,Homeowner,Yes,,,Personal Email,Allowed,305.0,153-555-7524,jamesjohnson@example.com,Mailing ,7008 Park Ave,New York,NY,71204-4967,40-52: Wealth Builder,$300K-$1M: Affluent ,Develop,Equitable,PK-00159,2018-09-20,8,2-5 yrs,Wealth Management/Brokerage,Mutual Fund,Outside Investments,Outside Investments/ Retirement,Direct Fund Accounts,"$150,000 - $249,999",0.3836,8981892.6,776006.0,0.0,0.0,,110000.0,170000.0,80000.0,Group A,,,,,,,2026-03-06,,Y,,,,,,,,,,,,,,,,776006.0,3445454.0,5,
80048,XYZ,12345,ABCD,ASA,306776.0,Liam Nelson,Rogers,Betty,1979-05-24,47,Person,Yes,,Yes,Yes,,Yes,,,Home Telephone,Allowed,305.0,556-555-7774,maryjohnson@example.com,Residence ,7008 Park Ave,New York,NY,71204-4967,40-52: Wealth Builder,$100k-$300K: Upper Core,Protect,Equitable,PK-00160,2000-01-12,20,10+ yrs,Group Retirement,Annuity,Equivest,Equivest,SEP,"$100,000 - $149,999",0.3836,8981892.6,152193.0,0.0,0.0,,,162000.0,,Group B,,,,,,,2026-03-08,,,,,,,,,,,,,Y,,,,,152193.0,3445454.0,5,
80048,XYZ,12345,ABCD,ASA,752257.0,Sophia Lane,Rogers,Amanda,1945-10-15,81,Person,,,Yes,No,,,,Yes,,Allowed,305.0,776-555-7752,patriciajohnson@example.com,Business,7008 Park Ave,New York,NY,71204-4967,80+: Legacy,$1M+: Wealth ,Develop,Equitable,PK-00161,2010-09-10,14,10+ yrs,Life,Life,Fixed Life,Life Paidup at 95,Life Paidup at 95,"$500,000+",0.3836,8981892.6,0.0,213124.0,1065620.0,,,,3850000.0,Group B,,,,,,,2026-02-26,,,,,,,,,,,,Y,,Y,,,,1065620.0,3445454.0,5,
80048,XYZ,12345,ABCD,ASA,415268.0,William Grant,Rogers,Jose,1958-04-09,68,Person,No,Yes,No,No,Probable Homeowner 80-89,,,,Mobile Telephone,Allowed,305.0,770-555-5544,michaeljohnson@example.com,Mailing ,7008 Park Ave,New York,NY,71204-4967,65-79: Next Chapters,$25K-$50K: Lower Core ,Manage,Equitable,PK-00162,2024-01-05,20,2-5 yrs,Life,Life,Variable Life,II99,II99,"<$30,000",0.3836,8981892.6,0.0,160868.6,804343.0,,2500.0,2000.0,4000.0,Group D,,,,,,,2026-04-09,,Y,,,,,,,,,,,,,,Y,,804343.0,3445454.0,5,
80048,XYZ,12345,ABCD,ASA,399927.0,Ava Foster,Rogers,Sophia,2000-11-14,26,Person,Yes,,No,No,Homeowner,Yes,Yes,,Business Telephone,Allowed,305.0,720-555-8266,jenniferjohnson@example.com,Mailing ,7008 Park Ave,New York,NY,71204-4967,<30: Career Starter,$100k-$300K: Upper Core,Protect,Equitable,PK-00163,2015-11-02,20,5-10 yrs,Wealth Management/Brokerage,Mutual Fund,Outside Investments,Outside Investments/ Retirement,Direct Fund Accounts,"$100,000 - $149,999",0.3836,8981892.6,647292.0,0.0,0.0,Yes,70000.0,,46000.0,Group B,,,,,,,2026-02-16,Y,Y,,,,,,,,,,,,,,Y,,647292.0,3445454.0,5,
80049,XYZ,12345,ABCD,OSA,788666.0,Noah Carter,White,Stephen,1953-04-01,73,Person,Yes,,No,No,,Yes,,,Home Telephone,Allowed,212.0,364-555-4180,michaeljones@example.com,Residence ,7892 Park Ave,New York,NY,19248-4941,65-79: Next Chapters,$100k-$300K: Upper Core,Protect,Equitable,PK-00164,2000-01-12,18,10+ yrs,Group Retirement,Annuity,Equivest,Equivest,SEP,"$100,000 - $149,999",0.6438,1138146.94,210664.0,0.0,0.0,,,162000.0,,Group B,,,,,,,2026-02-25,,,,Y,,,,,,,,,Y,,,,,210664.0,732739.0,3,
80049,XYZ,12345,ABCD,OSA,306776.0,Liam Nelson,White,Hannah,1986-09-15,40,Person,Yes,,Yes,No,,Yes,,,Home Telephone,Allowed,212.0,207-555-7872,maryjones@example.com,Residence ,7892 Park Ave,New York,NY,19248-4941,30-40: Life Builder,$100k-$300K: Upper Core,Protect,Equitable,PK-00165,2000-01-12,20,10+ yrs,Group Retirement,Annuity,Equivest,Equivest,SEP,"$100,000 - $149,999",0.6438,1138146.94,251768.0,0.0,0.0,,,162000.0,,Group B,,,,,,,2026-03-05,,,,,,,,,,,,,Y,,,,,251768.0,732739.0,3,
80049,XYZ,12345,ABCD,OSA,788666.0,Noah Carter,White,Bruce,1993-01-15,33,Person,Yes,,Yes,Yes,Probably Renter,,,,Home Telephone,Allowed,212.0,939-555-9889,robertjones@example.com,Mailing ,7892 Park Ave,New York,NY,19248-4941,30-40: Life Builder,$1M+: Wealth ,Develop,AXA Equitable,PK-00166,1998-10-14,1,10+ yrs,Individual Retirement,Annuity,Accumulator,Income Manager,Accumulator NQ,"$500,000+",0.6438,1138146.94,270307.0,0.0,0.0,,,2520000.0,,Group B,,,,,,,2026-02-02,,Y,,,,,,,,,,,,,,,,270307.0,732739.0,3,
80050,XYZ,12345,ABCD,OSA,619914.0,Emma Hayes,Green,Jean,1948-04-20,78,Person,Yes,,Yes,Yes,,Yes,,,Home Telephone,Allowed,310.0,429-555-2035,maryjohnson@example.com,Residence ,8800 Park Ave,New York,NY,94693-9374,65-79: Next Chapters,$100k-$300K: Upper Core,Protect,Equitable,PK-00167,2000-01-12,8,10+ yrs,Group Retirement,Annuity,Equivest,Equivest,SEP,"$100,000 - $149,999",0.5266,177366.12,14366.0,0.0,0.0,,,162000.0,,Group B,,,,,,,2026-02-16,,,,,,,,,,,,,Y,Y,,,,14366.0,93401.0,2,Y
80050,XYZ,12345,ABCD,OSA,415268.0,William Grant,Green,Wayne,1984-02-10,42,Person,Yes,,Yes,Yes,Probable Homeowner 70-79,Yes,,,Home Telephone,Allowed,310.0,637-555-1585,michaeljohnson@example.com,Mailing ,8800 Park Ave,New York,NY,94693-9374,40-52: Wealth Builder,$300K-$1M: Affluent ,Protect,Equitable,PK-00168,1996-05-30,19,10+ yrs,Individual Retirement,Annuity,Equivest,Equivest,IRA,"$150,000 - $249,999",0.5266,177366.12,79035.0,0.0,0.0,,,650000.0,,Group B,,,,,,,2026-04-12,,,,,,,,,,,,Y,,,,,,79035.0,93401.0,2,Y
80051,XYZ,12345,ABCD,ASA,354432.0,Emma Hayes,Jimenez,Catherine,1984-01-14,42,Person,,,No,Yes,,,,,,,305.0,127-555-9713,lindabrown@example.com,Residence ,9753 Park Ave,New York,NY,35060-2665,40-52: Wealth Builder, $50K-$100K: Middle Core ,Maintain,AXA Equitable,PK-00169,2007-12-21,2,10+ yrs,Wealth Management/Brokerage,Annuity,Accumulator,Equitable,Guaranteed Growth Annuity,"$60,000 - $99,999",0.0531,49893691.15,606487.0,0.0,0.0,,,93000.0,,Group B,Yes,,,,,,2026-02-26,,,,,,,,,,,Y,,,,,,Y,606487.0,2649355.0,6,Y
80051,XYZ,12345,ABCD,ASA,415268.0,William Grant,Jimenez,Bobby,1993-10-20,33,Person,Yes,,Yes,No,Renter,,,,Home Telephone,Not Allowed,305.0,501-555-9352,michaelbrown@example.com,Mailing ,9753 Park Ave,New York,NY,35060-2665,30-40: Life Builder,$300K-$1M: Affluent ,Develop,AXA Equitable,PK-00170,2003-09-11,2,10+ yrs,Individual Retirement,Annuity,Accumulator,Income Manager,Rollover IRA,"$100,000 - $149,999",0.0531,49893691.15,719517.0,0.0,0.0,,,80000.0,115000.0,Group B,,,,,,,2026-03-13,Y,,,,,,,,Y,,,,,,,,,719517.0,2649355.0,6,Y
80051,XYZ,12345,ABCD,ASA,788666.0,Noah Carter,Jimenez,James,1975-08-12,51,Person,No,Yes,No,Yes,Probable Homeowner 80-89,,,,Mobile Telephone,Allowed,305.0,324-555-7332,michaelbrown@example.com,Mailing ,9753 Park Ave,New York,NY,35060-2665,40-52: Wealth Builder,$25K-$50K: Lower Core ,Manage,Lincoln Life Insurance Annuity Co of NY,PK-00171,2020-06-17,5,2-5 yrs,Equitable Network,Equitable Network Annuity,Equitable Network Annuity,Annuity Contract,Annuity Contract,"<$30,000",0.0531,49893691.15,511256.0,0.0,0.0,,2500.0,2000.0,4000.0,Group D,Yes,,,,,,2026-02-03,,,,,,,,,,,,Y,,,,,,511256.0,2649355.0,6,Y
80051,XYZ,12345,ABCD,ASA,415268.0,William Grant,Jimenez,Keith,1950-04-24,76,Person,Yes,,No,No,,Yes,,,Home Telephone,Allowed,305.0,779-555-4459,robertbrown@example.com,Residence ,9753 Park Ave,New York,NY,35060-2665,65-79: Next Chapters,$100k-$300K: Upper Core,Protect,Equitable,PK-00172,2000-01-12,8,10+ yrs,Group Retirement,Annuity,Equivest,Equivest,SEP,"$100,000 - $149,999",0.0531,49893691.15,15588.0,0.0,0.0,,,162000.0,,Group B,,,,,,,2026-01-30,,,,,,,,,,,,,Y,Y,,,,15588.0,2649355.0,6,Y
80051,XYZ,12345,ABCD,ASA,777789.0,Maggie Leu,Jimenez,Jeremy,1980-04-26,46,Person,,,Yes,Yes,Probably Renter,,,,Home Telephone,Not Allowed,305.0,682-555-9320,michaelbrown@example.com,Residence ,9753 Park Ave,New York,NY,35060-2665,40-52: Wealth Builder, $50K-$100K: Middle Core ,Maintain,AXA Equitable,PK-00173,2007-12-21,6,10+ yrs,Individual Retirement,Annuity,Accumulator,Equitable,Guaranteed Growth Annuity,"$60,000 - $99,999",0.0531,49893691.15,612159.0,0.0,0.0,,,93000.0,,Group B,Yes,,,,,,2026-04-24,,Y,,,,,,,,,Y,,,,,,Y,612159.0,2649355.0,6,Y
80051,XYZ,12345,ABCD,ASA,993626.0,Oliver Reed,Jimenez,Patricia,1970-09-25,56,Person,No,Yes,No,Yes,Probable Homeowner 80-89,,,,Mobile Telephone,Allowed,305.0,367-555-4127,patriciabrown@example.com,Mailing ,9753 Park Ave,New York,NY,35060-2665,53-64: Pre-Retire,$25K-$50K: Lower Core ,Manage,Lincoln Life Insurance Annuity Co of NY,PK-00174,2020-06-17,11,2-5 yrs,Equitable Network,Equitable Network Annuity,Equitable Network Annuity,Annuity Contract,Annuity Contract,"<$30,000",0.0531,49893691.15,184348.0,0.0,0.0,,2500.0,2000.0,4000.0,Group D,Yes,,,,,,2026-04-30,,,,,,,,,,,,Y,,,,,,184348.0,2649355.0,6,Y
80052,XYZ,12345,ABCD,ASA,415268.0,William Grant,Vasquez,Amanda,1999-10-16,27,Person,No,Yes,Yes,No,Probable Homeowner 80-89,,,,Mobile Telephone,Allowed,415.0,441-555-2012,patriciawilliams@example.com,Mailing ,253 Park Ave,New York,NY,15795-6579,<30: Career Starter,$25K-$50K: Lower Core ,Manage,Lincoln Life Insurance Annuity Co of NY,PK-00175,2020-06-17,12,2-5 yrs,Equitable Network,Equitable Network Annuity,Equitable Network Annuity,Annuity Contract,Annuity Contract,"<$30,000",0.8831,1389445.14,230967.0,0.0,0.0,,2500.0,2000.0,4000.0,Group D,Yes,,,,,,2026-02-23,,Y,,,,,,,,,,Y,,,,,,230967.0,1227019.0,3,
80052,XYZ,12345,ABCD,ASA,752257.0,Sophia Lane,Vasquez,Denise,1964-05-24,62,Person,No,Yes,No,Yes,Probable Homeowner 80-89,,,,Mobile Telephone,Allowed,415.0,523-555-4368,marywilliams@example.com,Mailing ,253 Park Ave,New York,NY,15795-6579,53-64: Pre-Retire,$25K-$50K: Lower Core ,Manage,Lincoln Life Insurance Annuity Co of NY,PK-00176,2020-06-17,1,2-5 yrs,Equitable Network,Equitable Network Annuity,Equitable Network Annuity,Annuity Contract,Annuity Contract,"<$30,000",0.8831,1389445.14,451820.0,0.0,0.0,,2500.0,2000.0,4000.0,Group D,Yes,,,,,,2026-01-31,,Y,,,,,Y,,,,,Y,,,,,,451820.0,1227019.0,3,
80052,XYZ,12345,ABCD,ASA,306776.0,Liam Nelson,Vasquez,John,1964-06-23,62,Person,Yes,,Yes,Yes,,Yes,,,Home Telephone,Allowed,415.0,599-555-2695,michaelwilliams@example.com,Residence ,253 Park Ave,New York,NY,15795-6579,53-64: Pre-Retire,$100k-$300K: Upper Core,Protect,Equitable,PK-00177,2000-01-12,15,10+ yrs,Group Retirement,Annuity,Equivest,Equivest,SEP,"$100,000 - $149,999",0.8831,1389445.14,544232.0,0.0,0.0,,,162000.0,,Group B,,,,,,,2026-03-04,,,,,,,Y,,,,,,Y,Y,,,,544232.0,1227019.0,3,
80053,XYZ,12345,ABCD,OSA,354432.0,Emma Hayes,Harris,Alice,1998-05-13,28,Person,Yes,,Yes,Yes,Probably Renter,,,,Home Telephone,Allowed,310.0,923-555-1296,marywilliams@example.com,Mailing ,3435 Park Ave,New York,NY,86260-4492,<30: Career Starter,$1M+: Wealth ,Develop,AXA Equitable,PK-00178,1998-10-14,20,10+ yrs,Individual Retirement,Annuity,Accumulator,Income Manager,Accumulator NQ,"$500,000+",0.7492,1292442.61,558139.0,0.0,0.0,,,2520000.0,,Group B,,,,,,,2026-03-10,,Y,,,,,,,,,,,,,,,,558139.0,968298.0,2,
80053,XYZ,12345,ABCD,OSA,346838.0,Ava Foster,Harris,Deborah,1974-06-11,52,Person,No,Yes,Yes,No,Probable Homeowner 80-89,,,,Mobile Telephone,Allowed,310.0,450-555-1519,lindawilliams@example.com,Mailing ,3435 Park Ave,New York,NY,86260-4492,40-52: Wealth Builder,$25K-$50K: Lower Core ,Manage,Lincoln Life Insurance Annuity Co of NY,PK-00179,2020-06-17,2,2-5 yrs,Equitable Network,Equitable Network Annuity,Equitable Network Annuity,Annuity Contract,Annuity Contract,"<$30,000",0.7492,1292442.61,410159.0,0.0,0.0,,2500.0,2000.0,4000.0,Group D,Yes,,,,,,2026-03-22,,,,,,,,,,,,Y,,,,,,410159.0,968298.0,2,
80054,XYZ,12345,ABCD,OSA,415268.0,William Grant,Miller,Barbara,1971-04-15,55,Person,Yes,,No,No,Homeowner,Yes,Yes,,Business Telephone,Allowed,617.0,167-555-9662,patriciawilliams@example.com,Mailing ,8793 Park Ave,New York,NY,95127-6482,53-64: Pre-Retire,$100k-$300K: Upper Core,Protect,Equitable,PK-00180,2015-11-02,5,5-10 yrs,Wealth Management/Brokerage,Mutual Fund,Outside Investments,Outside Investments/ Retirement,Direct Fund Accounts,"$100,000 - $149,999",0.6631,981468.86,650812.0,0.0,0.0,Yes,70000.0,,46000.0,Group B,,,,,,,2026-02-24,Y,,,,,,,,,,,,,,,Y,,650812.0,650812.0,1,
80055,XYZ,12345,ABCD,OSA,306776.0,Liam Nelson,Cruz,Steven,1960-06-07,66,Person,Yes,,Yes,Yes,,Yes,,,Home Telephone,Allowed,617.0,675-555-7910,robertsmith@example.com,Residence ,5345 Park Ave,New York,NY,76434-2549,65-79: Next Chapters,$100k-$300K: Upper Core,Protect,Equitable,PK-00181,2000-01-12,15,10+ yrs,Group Retirement,Annuity,Equivest,Equivest,SEP,"$100,000 - $149,999",0.1734,1658979.24,287667.0,0.0,0.0,,,162000.0,,Group B,,,,,,,2026-04-19,,,,,,,,,,,,,Y,,,,,287667.0,287667.0,1,Y
80056,XYZ,12345,ABCD,OSA,886843.0,Liam Nelson,Price,Danielle,1986-07-20,40,Person,Yes,,Yes,Yes,Homeowner,,Yes,,Business Telephone,Allowed,617.0,808-555-2165,patriciajones@example.com,Mailing ,9714 Park Ave,New York,NY,68098-5940,30-40: Life Builder,$100k-$300K: Upper Core,Maintain,Brighthouse Life Insurance Company,PK-00182,2016-02-24,18,5-10 yrs,Equitable Network,Equitable Network Life,Equitable Network Life,Life Contract,Life Contract,"$100,000 - $149,999",0.2952,4902181.57,317870.0,0.0,0.0,,,,,Group B,,,,,,,2026-02-09,,Y,,,,,,,,,Y,,,,,,,317870.0,1447124.0,5,
80056,XYZ,12345,ABCD,OSA,415268.0,William Grant,Price,Dylan,2001-04-14,25,Person,,,Yes,No,Probably Renter,,,,Home Telephone,Not Allowed,617.0,516-555-4033,michaeljones@example.com,Residence ,9714 Park Ave,New York,NY,68098-5940,<30: Career Starter, $50K-$100K: Middle Core ,Maintain,AXA Equitable,PK-00183,2007-12-21,15,10+ yrs,Individual Retirement,Annuity,Accumulator,Equitable,Guaranteed Growth Annuity,"$60,000 - $99,999",0.2952,4902181.57,261925.0,0.0,0.0,,,93000.0,,Group B,Yes,,,,,,2026-02-17,,Y,Y,,,,,,,,Y,,,,,,Y,261925.0,1447124.0,5,
80056,XYZ,12345,ABCD,OSA,415268.0,William Grant,Price,Lawrence,1967-07-13,59,Person,Yes,,No,No,,Yes,,,Home Telephone,Allowed,617.0,317-555-2704,robertjones@example.com,Residence ,9714 Park Ave,New York,NY,68098-5940,53-64: Pre-Retire,$100k-$300K: Upper Core,Protect,Equitable,PK-00184,2000-01-12,11,10+ yrs,Group Retirement,Annuity,Equivest,Equivest,SEP,"$100,000 - $149,999",0.2952,4902181.57,417039.0,0.0,0.0,,,162000.0,,Group B,,,,,,,2026-03-10,,,,,,,,,,,,,Y,,,,,417039.0,1447124.0,5,
80056,XYZ,12345,ABCD,OSA,788666.0,Noah Carter,Price,Gabriel,1988-06-23,38,Person,Yes,,No,No,Probable Homeowner 70-79,Yes,,,Home Telephone,Allowed,617.0,539-555-5556,johnjones@example.com,Mailing ,9714 Park Ave,New York,NY,68098-5940,30-40: Life Builder,$300K-$1M: Affluent ,Protect,Equitable,PK-00185,1996-05-30,6,10+ yrs,Individual Retirement,Annuity,Equivest,Equivest,IRA,"$150,000 - $249,999",0.2952,4902181.57,377733.0,0.0,0.0,,,650000.0,,Group B,,,,,,,2026-02-13,,,,,,,,,,,,Y,,,,,,377733.0,1447124.0,5,
80056,XYZ,12345,ABCD,OSA,296118.0,Olivia Brooks,Price,Ronald,1970-04-07,56,Person,Yes,,No,Yes,,Yes,,,Home Telephone,Allowed,617.0,275-555-4745,jamesjones@example.com,Residence ,9714 Park Ave,New York,NY,68098-5940,53-64: Pre-Retire,$100k-$300K: Upper Core,Protect,Equitable,PK-00186,2000-01-12,15,10+ yrs,Group Retirement,Annuity,Equivest,Equivest,SEP,"$100,000 - $149,999",0.2952,4902181.57,72557.0,0.0,0.0,,,162000.0,,Group B,,,,,,,2026-04-24,,,,,,,,,,,,,Y,,,,,72557.0,1447124.0,5,
80057,XYZ,12345,ABCD,OSA,,,Jackson,Kyle,1967-05-03,59,Person,Yes,,No,No,Homeowner,Yes,,,Personal Email,Allowed,305.0,176-555-7317,michaelbrown@example.com,Mailing ,9620 Park Ave,New York,NY,85481-4089,53-64: Pre-Retire,$300K-$1M: Affluent ,Develop,Equitable,PK-00187,2018-09-20,7,2-5 yrs,Wealth Management/Brokerage,Mutual Fund,Outside Investments,Outside Investments/ Retirement,Direct Fund Accounts,"$150,000 - $249,999",0.8785,3001451.34,274953.0,0.0,0.0,,110000.0,170000.0,80000.0,Group A,,,,,,,2026-04-08,,Y,,,,,,,,,,,,,,,,274953.0,2636775.0,5,
80057,XYZ,12345,ABCD,OSA,752257.0,Sophia Lane,Jackson,Jonathan,1965-05-18,61,Person,Yes,,Yes,No,,Yes,,,Home Telephone,Allowed,305.0,739-555-5598,robertbrown@example.com,Residence ,9620 Park Ave,New York,NY,85481-4089,53-64: Pre-Retire,$100k-$300K: Upper Core,Protect,Equitable,PK-00188,2000-01-12,5,10+ yrs,Group Retirement,Annuity,Equivest,Equivest,SEP,"$100,000 - $149,999",0.8785,3001451.34,779808.0,0.0,0.0,,,162000.0,,Group B,,,,,,,2026-02-28,,,,,,,,,,,,,Y,,,,,779808.0,2636775.0,5,
80057,XYZ,12345,ABCD,OSA,752257.0,Sophia Lane,Jackson,Raymond,1980-12-12,46,Person,Yes,,No,Yes,,Yes,,,Home Telephone,Allowed,305.0,244-555-2532,robertbrown@example.com,Residence ,9620 Park Ave,New York,NY,85481-4089,40-52: Wealth Builder,$100k-$300K: Upper Core,Protect,Equitable,PK-00189,2000-01-12,14,10+ yrs,Group Retirement,Annuity,Equivest,Equivest,SEP,"$100,000 - $149,999",0.8785,3001451.34,305715.0,0.0,0.0,,,162000.0,,Group B,,,,,,,2026-03-07,,,,,,,,,,,,,Y,,,,,305715.0,2636775.0,5,
80057,XYZ,12345,ABCD,OSA,441896.0,Noah Carter,Jackson,Scott,1998-12-10,28,Person,No,Yes,No,Yes,,,,,Mobile Telephone,Allowed,305.0,439-555-1816,jamesbrown@example.com,Mailing ,9620 Park Ave,New York,NY,85481-4089,<30: Career Starter,$25K-$50K: Lower Core ,Manage,Equitable,PK-00190,2022-08-09,9,2-5 yrs,Wealth Management/Brokerage,Mutual Fund,Outside Investments,Outside Investments/ Retirement,Direct Fund Accounts,"<$30,000",0.8785,3001451.34,78970.0,0.0,0.0,,2500.0,2000.0,4000.0,Group D,Yes,,,,,,2026-04-22,,,,,,,,,,,,,,,,,,78970.0,2636775.0,5,
80057,XYZ,12345,ABCD,OSA,788666.0,Noah Carter,Jackson,Nathan,1965-12-20,61,Person,,,No,No,,,,Yes,,Allowed,305.0,123-555-3601,robertbrown@example.com,Business,9620 Park Ave,New York,NY,85481-4089,53-64: Pre-Retire,$1M+: Wealth ,Develop,Equitable,PK-00191,2019-10-01,7,5-10 yrs,Life,Life,Interest Sensitive,Univeral Life 2002,Univeral Life 2002,"$500,000+",0.8785,3001451.34,0.0,239465.8,1197329.0,,,,3430000.0,Group B,,,,,,,2026-03-27,,,,,,,,,,,,,,,,,,1197329.0,2636775.0,5,
80058,XYZ,12345,ABCD,OSA,752257.0,Sophia Lane,Roberts,Noah,1985-07-23,41,Person,Yes,,No,Yes,Renter,,,,Home Telephone,Not Allowed,310.0,884-555-7883,robertdavis@example.com,Mailing ,2493 Park Ave,New York,NY,26449-1183,40-52: Wealth Builder,$300K-$1M: Affluent ,Develop,Equitable,PK-00192,2010-12-07,5,10+ yrs,Life,Life,Interest Sensitive,Equitable Life Account,Equitable Life Account,"$100,000 - $149,999",0.4033,3888489.96,0.0,313645.6,1568228.0,,,80000.0,115000.0,Group D,,,,,,,2026-02-19,,,,,,,,,,,,,Y,,,,,1568228.0,1568228.0,1,
80059,XYZ,12345,ABCD,ASA,,,Hamilton,Alan,2003-09-11,23,Person,Yes,,No,No,Homeowner,Yes,Yes,,Business Telephone,Allowed,305.0,468-555-6257,jamesjones@example.com,Mailing ,5572 Park Ave,New York,NY,42479-3194,<30: Career Starter,$100k-$300K: Upper Core,Protect,Equitable,PK-00193,2015-11-02,8,5-10 yrs,Wealth Management/Brokerage,Mutual Fund,Outside Investments,Outside Investments/ Retirement,Direct Fund Accounts,"$100,000 - $149,999",0.5075,1445330.05,152679.0,0.0,0.0,Yes,70000.0,,46000.0,Group B,,,,,,,2026-04-09,Y,,,,,,,,,,,,,,,Y,,152679.0,733505.0,2,
80059,XYZ,12345,ABCD,ASA,399927.0,Ava Foster,Hamilton,Adam,1981-02-25,45,Person,Yes,,No,Yes,Homeowner,,Yes,,Business Telephone,Allowed,305.0,626-555-4634,jamesjones@example.com,Mailing ,5572 Park Ave,New York,NY,42479-3194,40-52: Wealth Builder,$100k-$300K: Upper Core,Maintain,Brighthouse Life Insurance Company,PK-00194,2016-02-24,20,5-10 yrs,Equitable Network,Equitable Network Life,Equitable Network Life,Life Contract,Life Contract,"$100,000 - $149,999",0.5075,1445330.05,580826.0,0.0,0.0,,,,,Group B,,,,,,,2026-02-26,,Y,,,,,,,,,Y,,,,,,,580826.0,733505.0,2,
80060,XYZ,12345,ABCD,ASA,399927.0,Ava Foster,Nelson,Eugene,1973-01-15,53,Person,Yes,,Yes,Yes,,Yes,,,Home Telephone,Allowed,212.0,771-555-6397,michaeljones@example.com,Residence ,6400 Park Ave,New York,NY,68836-1226,53-64: Pre-Retire,$100k-$300K: Upper Core,Protect,Equitable,PK-00195,2000-01-12,5,10+ yrs,Group Retirement,Annuity,Equivest,Equivest,SEP,"$100,000 - $149,999",0.5867,2865266.75,181276.0,0.0,0.0,,,162000.0,,Group B,,,,,,,2026-04-05,,,Y,,,,,,,,,,Y,,,,,181276.0,1681052.0,4,
80060,XYZ,12345,ABCD,ASA,602271.0,William Grant,Nelson,Carolyn,1950-03-16,76,Person,,,Yes,Yes,,,,,,,212.0,792-555-6399,lindajones@example.com,Mailing ,6400 Park Ave,New York,NY,68836-1226,65-79: Next Chapters,$300K-$1M: Affluent ,Develop,Genworth Life Insurance Company,PK-00196,2010-06-12,8,2-5 yrs,Equitable Network,Equitable Network Life,Equitable Network Life,Life Contract,Life Contract,"$150,000 - $249,999",0.5867,2865266.75,633172.0,0.0,0.0,,110000.0,170000.0,80000.0,Group A,,,,,,,2026-03-26,,,,,,,,,,,,Y,,,,,,633172.0,1681052.0,4,
80060,XYZ,12345,ABCD,ASA,399927.0,Ava Foster,Nelson,Walter,1958-04-03,68,Person,Yes,,No,Yes,,Yes,,,Home Telephone,Allowed,212.0,222-555-7782,jamesjones@example.com,Residence ,6400 Park Ave,New York,NY,68836-1226,65-79: Next Chapters,$100k-$300K: Upper Core,Protect,Equitable,PK-00197,2000-01-12,9,10+ yrs,Group Retirement,Annuity,Equivest,Equivest,SEP,"$100,000 - $149,999",0.5867,2865266.75,387412.0,0.0,0.0,,,162000.0,,Group B,,,,,,,2026-04-19,,,,,,,,,,,,,Y,,,,,387412.0,1681052.0,4,
80060,XYZ,12345,ABCD,ASA,619914.0,Emma Hayes,Nelson,Russell,1961-08-17,65,Person,Yes,,No,Yes,Homeowner,,,,Home Telephone,Allowed,212.0,572-555-2798,michaeljones@example.com,Mailing ,6400 Park Ave,New York,NY,68836-1226,65-79: Next Chapters,$300K-$1M: Affluent ,Develop,Genworth Life Insurance Company,PK-00198,2001-07-19,7,10+ yrs,Equitable Network,Equitable Network Life,Equitable Network Life,Life Contract,Life Contract,"$150,000 - $249,999",0.5867,2865266.75,479192.0,0.0,0.0,,,,,Group B,,,,,,,2026-04-11,,,,,,Y,,,,,,,Y,,,,,479192.0,1681052.0,4,
80061,XYZ,12345,ABCD,OSA,306776.0,Liam Nelson,Williams,Marie,1950-06-19,76,Person,Yes,,No,Yes,,Yes,,,Home Telephone,Allowed,305.0,761-555-1363,jenniferdavis@example.com,Residence ,8203 Park Ave,New York,NY,90825-5884,65-79: Next Chapters,$100k-$300K: Upper Core,Protect,Equitable,PK-00199,2000-01-12,14,10+ yrs,Group Retirement,Annuity,Equivest,Equivest,SEP,"$100,000 - $149,999",0.7348,2447271.37,750001.0,0.0,0.0,,,162000.0,,Group B,,,,,,,2026-02-23,,,,,,,,,,,,,Y,,,,,750001.0,1798255.0,3,
80061,XYZ,12345,ABCD,OSA,788666.0,Noah Carter,Williams,Maria,1993-04-20,33,Person,Yes,,Yes,No,,Yes,,,Home Telephone,Allowed,305.0,365-555-8162,patriciadavis@example.com,Residence ,8203 Park Ave,New York,NY,90825-5884,30-40: Life Builder,$100k-$300K: Upper Core,Protect,Equitable,PK-00200,2000-01-12,5,10+ yrs,Group Retirement,Annuity,Equivest,Equivest,SEP,"$100,000 - $149,999",0.7348,2447271.37,750503.0,0.0,0.0,,,162000.0,,Group B,,,,,,,2026-03-01,,,Y,,,,,,,,,,Y,,,,,750503.0,1798255.0,3,
80061,XYZ,12345,ABCD,OSA,296118.0,Olivia Brooks,Williams,Kimberly,1978-01-22,48,Person,Yes,,Yes,No,,Yes,,,Home Telephone,Allowed,305.0,706-555-5973,patriciadavis@example.com,Residence ,8203 Park Ave,New York,NY,90825-5884,40-52: Wealth Builder,$100k-$300K: Upper Core,Protect,Equitable,PK-00201,2000-01-12,11,10+ yrs,Group Retirement,Annuity,Equivest,Equivest,SEP,"$100,000 - $149,999",0.7348,2447271.37,297751.0,0.0,0.0,,,162000.0,,Group B,,,,,,,2026-02-04,,,,,,,,,,,,,Y,,,,,297751.0,1798255.0,3,
80062,XYZ,12345,ABCD,ASA,399927.0,Ava Foster,Russell,Robert,1999-07-19,27,Person,Yes,,Yes,No,Homeowner,,,,Home Telephone,Allowed,310.0,604-555-8834,jameswilliams@example.com,Mailing ,4114 Park Ave,New York,NY,55680-7407,<30: Career Starter,$300K-$1M: Affluent ,Develop,Genworth Life Insurance Company,PK-00202,2001-07-19,19,10+ yrs,Equitable Network,Equitable Network Life,Equitable Network Life,Life Contract,Life Contract,"$150,000 - $249,999",0.2321,3687087.46,97336.0,0.0,0.0,,,,,Group B,,,,,,,2026-02-04,,Y,,,,,,,,,,,Y,,,,,97336.0,855773.0,3,
80062,XYZ,12345,ABCD,ASA,415268.0,William Grant,Russell,Jean,1978-08-07,48,Person,Yes,,No,No,,Yes,,,Home Telephone,Allowed,310.0,693-555-7881,patriciawilliams@example.com,Residence ,4114 Park Ave,New York,NY,55680-7407,40-52: Wealth Builder,$100k-$300K: Upper Core,Protect,Equitable,PK-00203,2000-01-12,10,10+ yrs,Group Retirement,Annuity,Equivest,Equivest,SEP,"$100,000 - $149,999",0.2321,3687087.46,350135.0,0.0,0.0,,,162000.0,,Group B,,,,,,,2026-04-19,,,,,,,,,,,,,Y,,,,,350135.0,855773.0,3,
80062,XYZ,12345,ABCD,ASA,296118.0,Olivia Brooks,Russell,Virginia,1965-05-08,61,Person,Yes,,Yes,No,Homeowner,Yes,Yes,,Business Telephone,Allowed,310.0,426-555-6536,lindawilliams@example.com,Mailing ,4114 Park Ave,New York,NY,55680-7407,53-64: Pre-Retire,$100k-$300K: Upper Core,Protect,Equitable,PK-00204,2015-11-02,7,5-10 yrs,Wealth Management/Brokerage,Mutual Fund,Outside Investments,Outside Investments/ Retirement,Direct Fund Accounts,"$100,000 - $149,999",0.2321,3687087.46,408302.0,0.0,0.0,Yes,70000.0,,46000.0,Group B,,,,,,,2026-03-06,Y,,,,,,,,,,,,,,,Y,,408302.0,855773.0,3,
80063,XYZ,12345,ABCD,ASA,619914.0,Emma Hayes,Reed,Julie,1951-03-08,75,Person,Yes,,Yes,Yes,Homeowner,,Yes,,Business Telephone,Allowed,415.0,501-555-7146,jennifermiller@example.com,Mailing ,9285 Park Ave,New York,NY,36795-5023,65-79: Next Chapters,$100k-$300K: Upper Core,Maintain,Brighthouse Life Insurance Company,PK-00205,2016-02-24,13,5-10 yrs,Equitable Network,Equitable Network Life,Equitable Network Life,Life Contract,Life Contract,"$100,000 - $149,999",0.2884,4407565.88,397878.0,0.0,0.0,,,,,Group B,,,,,,,2026-04-02,,,Y,Y,,,,,,,Y,,,,,,,397878.0,1271142.0,2,
80063,XYZ,12345,ABCD,ASA,415268.0,William Grant,Reed,Joseph,1957-10-01,69,Person,No,Yes,Yes,No,Probable Homeowner 80-89,,,,Mobile Telephone,Allowed,415.0,511-555-4126,michaelmiller@example.com,Mailing ,9285 Park Ave,New York,NY,36795-5023,65-79: Next Chapters,$25K-$50K: Lower Core ,Manage,Equitable,PK-00206,2024-01-05,9,2-5 yrs,Life,Life,Variable Life,II99,II99,"<$30,000",0.2884,4407565.88,0.0,174652.8,873264.0,,2500.0,2000.0,4000.0,Group D,,,,,,,2026-03-19,,,,,,,,,,,,,,,,Y,,873264.0,1271142.0,2,
80064,XYZ,12345,ABCD,ASA,415268.0,William Grant,Summit Partners,,1985-06-15,41,Organization,,,,,,,,,,,,,summit partners@example.com,Mailing ,2768 Park Ave,New York,NY,35595-4251,,$25K-$50K: Lower Core ,Manage,Equitable,PK-00207,2022-08-09,14,2-5 yrs,Wealth Management/Brokerage,Mutual Fund,Outside Investments,Outside Investments/ Retirement,Direct Fund Accounts,"<$30,000",0.4255,7227623.97,743415.0,0.0,0.0,,2500.0,2000.0,4000.0,Group D,Yes,,,,,,2026-02-28,,,,,,,,,,,,,,,,,,743415.0,3075354.0,5,
80064,XYZ,12345,ABCD,ASA,306776.0,Liam Nelson,Summit Partners,,1985-06-15,41,Organization,,,,,,,,,,,,,summit partners@example.com,Residence ,2768 Park Ave,New York,NY,35595-4251,,$100k-$300K: Upper Core,Protect,Equitable,PK-00208,2000-01-12,12,10+ yrs,Group Retirement,Annuity,Equivest,Equivest,SEP,"$100,000 - $149,999",0.4255,7227623.97,71676.0,0.0,0.0,,,162000.0,,Group B,,,,,,,2026-03-20,,,,,,,,,,,,,Y,,,,,71676.0,3075354.0,5,
80064,XYZ,12345,ABCD,ASA,306776.0,Liam Nelson,Summit Partners,,1985-06-15,41,Organization,,,,,,,,,,,,,summit partners@example.com,Residence ,2768 Park Ave,New York,NY,35595-4251,,$100k-$300K: Upper Core,Protect,Equitable,PK-00209,2000-01-12,10,10+ yrs,Group Retirement,Annuity,Equivest,Equivest,SEP,"$100,000 - $149,999",0.4255,7227623.97,369868.0,0.0,0.0,,,162000.0,,Group B,,,,,,,2026-04-09,,,,,,,,,,,,,Y,,,,,369868.0,3075354.0,5,
80064,XYZ,12345,ABCD,ASA,399927.0,Ava Foster,Summit Partners,,1985-06-15,41,Organization,,,,,,,,,,,,,summit partners@example.com,Residence ,2768 Park Ave,New York,NY,35595-4251,,$300K-$1M: Affluent ,Develop,Equitable,PK-00210,2006-08-30,7,10+ yrs,Life,Life,Interest Sensitive,Univeral Life 2002,Univeral Life 2002,"$150,000 - $249,999",0.4255,7227623.97,0.0,319077.4,1595387.0,,,,330000.0,Group C,,,,,,,2026-03-07,,,,,,,,,,,,,,,Y,,,1595387.0,3075354.0,5,
80064,XYZ,12345,ABCD,ASA,399927.0,Ava Foster,Summit Partners,,1985-06-15,41,Organization,,,,,,,,,,,,,summit partners@example.com,Mailing ,2768 Park Ave,New York,NY,35595-4251,,$300K-$1M: Affluent ,Develop,Genworth Life Insurance Company,PK-00211,2010-06-12,18,2-5 yrs,Equitable Network,Equitable Network Life,Equitable Network Life,Life Contract,Life Contract,"$150,000 - $249,999",0.4255,7227623.97,295008.0,0.0,0.0,,110000.0,170000.0,80000.0,Group A,,,,,,,2026-04-25,,,Y,,,,,,,,,Y,,,,,,295008.0,3075354.0,5,
80065,XYZ,12345,ABCD,OSA,415268.0,William Grant,Kelly,Theresa,1958-02-17,68,Person,Yes,,No,No,,Yes,,,Home Telephone,Allowed,310.0,486-555-7568,marydavis@example.com,Residence ,7331 Park Ave,New York,NY,41534-1811,65-79: Next Chapters,$100k-$300K: Upper Core,Protect,Equitable,PK-00212,2000-01-12,14,10+ yrs,Group Retirement,Annuity,Equivest,Equivest,SEP,"$100,000 - $149,999",0.1048,2076917.94,217661.0,0.0,0.0,,,162000.0,,Group B,,,,,,,2026-04-19,,,Y,,,,,,,,,,Y,,,,,217661.0,217661.0,1,
80066,XYZ,12345,ABCD,ASA,399927.0,Ava Foster,Torres,Jeremy,1958-02-23,68,Person,Yes,,Yes,Yes,,Yes,,,Home Telephone,Allowed,415.0,961-555-3598,jameswilliams@example.com,Residence ,1223 Park Ave,New York,NY,16688-4928,65-79: Next Chapters,$100k-$300K: Upper Core,Protect,Equitable,PK-00213,2000-01-12,10,10+ yrs,Group Retirement,Annuity,Equivest,Equivest,SEP,"$100,000 - $149,999",0.2262,7366547.3,636555.0,0.0,0.0,,,162000.0,,Group B,,,,,,,2026-03-03,,,,,,,,,,,,,Y,,,,,636555.0,1666313.0,3,
80066,XYZ,12345,ABCD,ASA,993626.0,Oliver Reed,Torres,Jordan,1983-11-16,43,Person,Yes,,Yes,Yes,Probably Renter,,,,Home Telephone,Allowed,415.0,783-555-8084,robertwilliams@example.com,Mailing ,1223 Park Ave,New York,NY,16688-4928,40-52: Wealth Builder,$1M+: Wealth ,Develop,AXA Equitable,PK-00214,1998-10-14,11,10+ yrs,Individual Retirement,Annuity,Accumulator,Income Manager,Accumulator NQ,"$500,000+",0.2262,7366547.3,407613.0,0.0,0.0,,,2520000.0,,Group B,,,,,,,2026-03-30,,,,,,,,,,,,,,,,,,407613.0,1666313.0,3,
80066,XYZ,12345,ABCD,ASA,415268.0,William Grant,Torres,Andrew,1972-09-01,54,Person,Yes,,Yes,Yes,,Yes,,,Home Telephone,Allowed,415.0,342-555-6978,michaelwilliams@example.com,Residence ,1223 Park Ave,New York,NY,16688-4928,53-64: Pre-Retire,$100k-$300K: Upper Core,Protect,Equitable,PK-00215,2000-01-12,12,10+ yrs,Group Retirement,Annuity,Equivest,Equivest,SEP,"$100,000 - $149,999",0.2262,7366547.3,622145.0,0.0,0.0,,,162000.0,,Group B,,,,,,,2026-02-03,,,Y,,,,,,,,,,Y,,,,,622145.0,1666313.0,3,
80067,XYZ,12345,ABCD,ASA,619914.0,Emma Hayes,Campbell,Roy,1996-08-27,30,Person,Yes,,Yes,Yes,,Yes,,,Home Telephone,Allowed,415.0,224-555-9446,michaelsmith@example.com,Residence ,3545 Park Ave,New York,NY,82486-1684,30-40: Life Builder,$100k-$300K: Upper Core,Protect,Equitable,PK-00216,2000-01-12,18,10+ yrs,Group Retirement,Annuity,Equivest,Equivest,SEP,"$100,000 - $149,999",0.5936,1201723.38,429519.0,0.0,0.0,,,162000.0,,Group B,,,,,,,2026-04-16,,,,,,,,,,,,,Y,,,,,429519.0,713343.0,2,
80067,XYZ,12345,ABCD,ASA,993626.0,Oliver Reed,Campbell,Alice,1965-07-26,61,Person,Yes,,No,No,,Yes,,,Home Telephone,Allowed,415.0,963-555-3606,lindasmith@example.com,Residence ,3545 Park Ave,New York,NY,82486-1684,53-64: Pre-Retire,$100k-$300K: Upper Core,Protect,Equitable,PK-00217,2000-01-12,11,10+ yrs,Group Retirement,Annuity,Equivest,Equivest,SEP,"$100,000 - $149,999",0.5936,1201723.38,283824.0,0.0,0.0,,,162000.0,,Group B,,,,,,,2026-03-07,,,,,,,,,,,,,Y,,,,,283824.0,713343.0,2,
80068,XYZ,12345,ABCD,OSA,993626.0,Oliver Reed,Nguyen,Diana,1980-10-11,46,Person,No,,No,Yes,Probable Homeowner 90-100,Yes,,,Business Telephone,Allowed,617.0,472-555-2313,patriciagarcia@example.com,Mailing ,7382 Park Ave,New York,NY,18285-7784,40-52: Wealth Builder,$300K-$1M: Affluent ,Protect,Equitable,PK-00218,2010-11-18,9,10+ yrs,Life,Life,Fixed Life,Term 30,Term 30,"$150,000 - $249,999",0.435,9346252.87,0.0,291140.6,1455703.0,,,,360000.0,Group C,,,,,,,2026-03-01,,Y,,,,,,,,,,,,,,,,1455703.0,4065620.0,4,
80068,XYZ,12345,ABCD,OSA,619914.0,Emma Hayes,Nguyen,Henry,1948-06-19,78,Person,Yes,,No,No,Homeowner,Yes,,,Personal Email,Allowed,617.0,124-555-2812,robertgarcia@example.com,Mailing ,7382 Park Ave,New York,NY,18285-7784,65-79: Next Chapters,$300K-$1M: Affluent ,Develop,Genworth Life Insurance Company,PK-00219,2010-06-12,10,2-5 yrs,Equitable Network,Equitable Network Life,Equitable Network Life,Life Contract,Life Contract,"$150,000 - $249,999",0.435,9346252.87,115016.0,0.0,0.0,,110000.0,170000.0,80000.0,Group A,,,,,,,2026-04-21,,Y,,,,,,,,,,Y,,,,,,115016.0,4065620.0,4,
80068,XYZ,12345,ABCD,OSA,306776.0,Liam Nelson,Nguyen,Jonathan,1987-12-17,39,Person,Yes,,No,No,,Yes,,,Home Telephone,Allowed,617.0,591-555-9652,michaelgarcia@example.com,Residence ,7382 Park Ave,New York,NY,18285-7784,30-40: Life Builder,$100k-$300K: Upper Core,Protect,Equitable,PK-00220,2000-01-12,11,10+ yrs,Group Retirement,Annuity,Equivest,Equivest,SEP,"$100,000 - $149,999",0.435,9346252.87,502600.0,0.0,0.0,,,162000.0,,Group B,,,,,,,2026-04-24,,,Y,,,,,,,,,,Y,,,,,502600.0,4065620.0,4,
80068,XYZ,12345,ABCD,OSA,296118.0,Olivia Brooks,Nguyen,Donald,1969-09-28,57,Person,,Yes,No,Yes,Homeowner,,,,Business Telephone,Allowed,617.0,542-555-4595,jamesgarcia@example.com,Mailing ,7382 Park Ave,New York,NY,18285-7784,53-64: Pre-Retire,$100k-$300K: Upper Core,Protect,Equitable,PK-00221,2016-11-05,8,5-10 yrs,Life,Life,Fixed Life,Term 20,Term 20,"$100,000 - $149,999",0.435,9346252.87,0.0,398460.2,1992301.0,,,,156000.0,Group D,,,,,,,2026-03-03,,Y,,,,,,,,,,,,,,,,1992301.0,4065620.0,4,
80069,XYZ,12345,ABCD,OSA,296118.0,Olivia Brooks,Hernandez,Christine,1999-08-16,27,Person,Yes,,Yes,No,Probably Renter,Yes,,,Home Telephone,Allowed,617.0,831-555-7237,maryjohnson@example.com,Residence ,6164 Park Ave,New York,NY,37442-1426,<30: Career Starter,$300K-$1M: Affluent ,Develop,Equitable,PK-00222,2006-08-30,13,10+ yrs,Life,Life,Interest Sensitive,Univeral Life 2002,Univeral Life 2002,"$150,000 - $249,999",0.5462,2045281.95,0.0,223426.6,1117133.0,,,,330000.0,Group C,,,,,,,2026-02-05,,,,,,,,,,,,,,,Y,,,1117133.0,1117133.0,1,
80070,XYZ,12345,ABCD,OSA,296118.0,Olivia Brooks,Howard,Sandra,1957-01-19,69,Person,Yes,,Yes,Yes,Homeowner,Yes,Yes,,Business Telephone,Allowed,617.0,916-555-1635,jenniferwilliams@example.com,Mailing ,7527 Park Ave,New York,NY,88542-6571,65-79: Next Chapters,$100k-$300K: Upper Core,Protect,Equitable,PK-00223,2015-11-02,6,5-10 yrs,Wealth Management/Brokerage,Mutual Fund,Outside Investments,Outside Investments/ Retirement,Direct Fund Accounts,"$100,000 - $149,999",0.2557,6352592.88,70113.0,0.0,0.0,Yes,70000.0,,46000.0,Group B,,,,,,,2026-03-26,Y,,,,,,,,,,,,,,,Y,,70113.0,1624358.0,3,Y
80070,XYZ,12345,ABCD,OSA,415268.0,William Grant,Howard,Willie,1954-08-09,72,Person,Yes,,Yes,No,,Yes,,,Home Telephone,Allowed,617.0,858-555-5568,robertwilliams@example.com,Residence ,7527 Park Ave,New York,NY,88542-6571,65-79: Next Chapters,$100k-$300K: Upper Core,Protect,Equitable,PK-00224,2000-01-12,13,10+ yrs,Group Retirement,Annuity,Equivest,Equivest,SEP,"$100,000 - $149,999",0.2557,6352592.88,770053.0,0.0,0.0,,,162000.0,,Group B,,,,,,,2026-04-17,,,Y,Y,,,,,,,,,Y,,,,,770053.0,1624358.0,3,Y
80070,XYZ,12345,ABCD,OSA,,,Howard,Julia,1984-12-14,42,Person,No,Yes,No,Yes,Probable Homeowner 80-89,,,,Mobile Telephone,Allowed,617.0,762-555-8749,jenniferwilliams@example.com,Mailing ,7527 Park Ave,New York,NY,88542-6571,40-52: Wealth Builder,$25K-$50K: Lower Core ,Manage,Lincoln Life Insurance Annuity Co of NY,PK-00225,2020-06-17,20,2-5 yrs,Equitable Network,Equitable Network Annuity,Equitable Network Annuity,Annuity Contract,Annuity Contract,"<$30,000",0.2557,6352592.88,784192.0,0.0,0.0,,2500.0,2000.0,4000.0,Group D,Yes,,,,,,2026-03-03,,Y,,,,,,,,,,Y,,,,,,784192.0,1624358.0,3,Y
80071,XYZ,12345,ABCD,OSA,993626.0,Oliver Reed,Thomas,Richard,1981-01-23,45,Person,No,Yes,No,No,Probable Homeowner 80-89,,,,Mobile Telephone,Allowed,310.0,958-555-3059,jamesjones@example.com,Mailing ,9327 Park Ave,New York,NY,67799-3013,40-52: Wealth Builder,$25K-$50K: Lower Core ,Manage,Lincoln Life Insurance Annuity Co of NY,PK-00226,2020-06-17,2,2-5 yrs,Equitable Network,Equitable Network Annuity,Equitable Network Annuity,Annuity Contract,Annuity Contract,"<$30,000",0.7913,123218.75,97503.0,0.0,0.0,,2500.0,2000.0,4000.0,Group D,Yes,,,,,,2026-03-14,,,,,,,,,,,,Y,,,,,,97503.0,97503.0,1,
80072,XYZ,12345,ABCD,OSA,,,Collins,Janice,1950-08-12,76,Person,No,Yes,Yes,No,Probable Homeowner 80-89,,,,Mobile Telephone,Allowed,617.0,303-555-1091,jennifergarcia@example.com,Mailing ,9118 Park Ave,New York,NY,68339-7784,65-79: Next Chapters,$25K-$50K: Lower Core ,Manage,Lincoln Life Insurance Annuity Co of NY,PK-00227,2020-06-17,5,2-5 yrs,Equitable Network,Equitable Network Annuity,Equitable Network Annuity,Annuity Contract,Annuity Contract,"<$30,000",0.4045,2060667.49,261510.0,0.0,0.0,,2500.0,2000.0,4000.0,Group D,Yes,,,,,,2026-03-02,,,,,,,,,,,,Y,,Y,,,,261510.0,833540.0,2,
80072,XYZ,12345,ABCD,OSA,788666.0,Noah Carter,Collins,Julia,1990-09-19,36,Person,Yes,,Yes,Yes,,Yes,,,Home Telephone,Allowed,617.0,402-555-3262,jennifergarcia@example.com,Residence ,9118 Park Ave,New York,NY,68339-7784,30-40: Life Builder,$100k-$300K: Upper Core,Protect,Equitable,PK-00228,2000-01-12,8,10+ yrs,Group Retirement,Annuity,Equivest,Equivest,SEP,"$100,000 - $149,999",0.4045,2060667.49,572030.0,0.0,0.0,,,162000.0,,Group B,,,,,,,2026-03-10,,,,,,,,,,,,,Y,,,,,572030.0,833540.0,2,
80073,XYZ,12345,ABCD,ASA,296118.0,Olivia Brooks,Garcia,Shirley,1999-11-05,27,Person,Yes,,Yes,No,,Yes,,,Home Telephone,Allowed,310.0,197-555-1982,lindabrown@example.com,Residence ,9556 Park Ave,New York,NY,57208-1824,<30: Career Starter,$100k-$300K: Upper Core,Protect,Equitable,PK-00229,2000-01-12,17,10+ yrs,Group Retirement,Annuity,Equivest,Equivest,SEP,"$100,000 - $149,999",0.3404,5005014.69,429739.0,0.0,0.0,,,162000.0,,Group B,,,,,,,2026-03-05,,,,,,,,,,,,,Y,,,,,429739.0,1703707.0,4,
80073,XYZ,12345,ABCD,ASA,619914.0,Emma Hayes,Garcia,Sophia,1963-06-18,63,Person,,,Yes,Yes,Probably Renter,,,,Home Telephone,Not Allowed,310.0,189-555-5255,lindabrown@example.com,Residence ,9556 Park Ave,New York,NY,57208-1824,53-64: Pre-Retire, $50K-$100K: Middle Core ,Maintain,AXA Equitable,PK-00230,2007-12-21,2,10+ yrs,Individual Retirement,Annuity,Accumulator,Equitable,Guaranteed Growth Annuity,"$60,000 - $99,999",0.3404,5005014.69,361547.0,0.0,0.0,,,93000.0,,Group B,Yes,,,,,,2026-03-14,,Y,Y,,,,,,Y,,Y,,,,,,Y,361547.0,1703707.0,4,
80073,XYZ,12345,ABCD,ASA,788666.0,Noah Carter,Garcia,Jacqueline,1969-09-17,57,Person,Yes,,No,No,Homeowner,Yes,,,Personal Email,Allowed,310.0,802-555-1736,lindabrown@example.com,Mailing ,9556 Park Ave,New York,NY,57208-1824,53-64: Pre-Retire,$300K-$1M: Affluent ,Develop,Genworth Life Insurance Company,PK-00231,2010-06-12,8,2-5 yrs,Equitable Network,Equitable Network Life,Equitable Network Life,Life Contract,Life Contract,"$150,000 - $249,999",0.3404,5005014.69,264736.0,0.0,0.0,,110000.0,170000.0,80000.0,Group A,,,,,,,2026-03-23,,,,,,,,,,,,Y,,,,,,264736.0,1703707.0,4,
80073,XYZ,12345,ABCD,ASA,296118.0,Olivia Brooks,Garcia,Noah,1949-09-04,77,Person,Yes,,No,Yes,,Yes,,,Home Telephone,Allowed,310.0,176-555-4880,michaelbrown@example.com,Residence ,9556 Park Ave,New York,NY,57208-1824,65-79: Next Chapters,$100k-$300K: Upper Core,Protect,Equitable,PK-00232,2000-01-12,6,10+ yrs,Group Retirement,Annuity,Equivest,Equivest,SEP,"$100,000 - $149,999",0.3404,5005014.69,647685.0,0.0,0.0,,,162000.0,,Group B,,,,,,,2026-04-13,,,Y,,,,,,,,,,Y,,,,,647685.0,1703707.0,4,
80074,XYZ,12345,ABCD,OSA,619914.0,Emma Hayes,King,Victoria,1988-02-02,38,Person,Yes,,Yes,No,,Yes,,,Home Telephone,Allowed,617.0,493-555-5351,patriciabrown@example.com,Residence ,7372 Park Ave,New York,NY,77085-6117,30-40: Life Builder,$100k-$300K: Upper Core,Protect,Equitable,PK-00233,2000-01-12,14,10+ yrs,Group Retirement,Annuity,Equivest,Equivest,SEP,"$100,000 - $149,999",0.7177,1619712.97,74251.0,0.0,0.0,,,162000.0,,Group B,,,,,,,2026-03-25,,,,,,,,,,,,,Y,,,,,74251.0,1162468.0,4,
80074,XYZ,12345,ABCD,OSA,399927.0,Ava Foster,King,Anna,1985-12-10,41,Person,No,Yes,No,Yes,,,,,Mobile Telephone,Allowed,617.0,549-555-2072,lindabrown@example.com,Mailing ,7372 Park Ave,New York,NY,77085-6117,40-52: Wealth Builder,$25K-$50K: Lower Core ,Manage,Equitable,PK-00234,2022-08-09,7,2-5 yrs,Wealth Management/Brokerage,Mutual Fund,Outside Investments,Outside Investments/ Retirement,Direct Fund Accounts,"<$30,000",0.7177,1619712.97,23890.0,0.0,0.0,,2500.0,2000.0,4000.0,Group D,Yes,,,,,,2026-04-17,,Y,,,,,,,,,,,,,,,,23890.0,1162468.0,4,
80074,XYZ,12345,ABCD,OSA,764375.0,Olivia Brooks,King,Jacob,1977-01-18,49,Person,No,Yes,Yes,Yes,Probable Homeowner 80-89,,,,Mobile Telephone,Allowed,617.0,636-555-5609,jamesbrown@example.com,Mailing ,7372 Park Ave,New York,NY,77085-6117,40-52: Wealth Builder,$25K-$50K: Lower Core ,Manage,Equitable,PK-00235,2024-01-05,14,2-5 yrs,Life,Life,Variable Life,II99,II99,"<$30,000",0.7177,1619712.97,0.0,188861.6,944308.0,,2500.0,2000.0,4000.0,Group D,,,,,,,2026-01-31,,,,,,,,,,,,,,,,Y,,944308.0,1162468.0,4,
80074,XYZ,12345,ABCD,OSA,415268.0,William Grant,King,Ronald,2003-12-15,23,Person,Yes,,Yes,Yes,Homeowner,,Yes,,Business Telephone,Allowed,617.0,383-555-8074,robertbrown@example.com,Mailing ,7372 Park Ave,New York,NY,77085-6117,<30: Career Starter,$100k-$300K: Upper Core,Maintain,Brighthouse Life Insurance Company,PK-00236,2016-02-24,4,5-10 yrs,Equitable Network,Equitable Network Life,Equitable Network Life,Life Contract,Life Contract,"$100,000 - $149,999",0.7177,1619712.97,120019.0,0.0,0.0,,,,,Group B,,,,,,,2026-04-24,,Y,,,,,,,,,Y,,,,,,,120019.0,1162468.0,4,
80075,XYZ,12345,ABCD,OSA,619914.0,Emma Hayes,Hall,Katherine,1991-09-23,35,Person,Yes,,No,No,,Yes,,,Home Telephone,Allowed,617.0,181-555-9081,marysmith@example.com,Residence ,737 Park Ave,New York,NY,55025-9473,30-40: Life Builder,$100k-$300K: Upper Core,Protect,Equitable,PK-00237,2000-01-12,11,10+ yrs,Group Retirement,Annuity,Equivest,Equivest,SEP,"$100,000 - $149,999",0.3136,2868306.76,410515.0,0.0,0.0,,,162000.0,,Group B,,,,,,,2026-02-18,,,,,,,,,,,,,Y,,,,,410515.0,899501.0,4,
80075,XYZ,12345,ABCD,OSA,415268.0,William Grant,Hall,Ronald,1984-12-18,42,Person,Yes,,Yes,Yes,Homeowner,,Yes,,Business Telephone,Allowed,617.0,666-555-7895,jamessmith@example.com,Mailing ,737 Park Ave,New York,NY,55025-9473,40-52: Wealth Builder,$100k-$300K: Upper Core,Maintain,Brighthouse Life Insurance Company,PK-00238,2016-02-24,6,5-10 yrs,Equitable Network,Equitable Network Life,Equitable Network Life,Life Contract,Life Contract,"$100,000 - $149,999",0.3136,2868306.76,16340.0,0.0,0.0,,,,,Group B,,,,,,,2026-04-08,,Y,,,,,,,,,Y,,,,,,,16340.0,899501.0,4,
80075,XYZ,12345,ABCD,OSA,399927.0,Ava Foster,Hall,Jacqueline,1962-08-08,64,Person,No,Yes,No,Yes,,,,,Mobile Telephone,Allowed,617.0,525-555-4265,jennifersmith@example.com,Mailing ,737 Park Ave,New York,NY,55025-9473,53-64: Pre-Retire,$25K-$50K: Lower Core ,Manage,Equitable,PK-00239,2022-08-09,13,2-5 yrs,Wealth Management/Brokerage,Mutual Fund,Outside Investments,Outside Investments/ Retirement,Direct Fund Accounts,"<$30,000",0.3136,2868306.76,245358.0,0.0,0.0,,2500.0,2000.0,4000.0,Group D,Yes,,,,,,2026-03-05,,,,,,,,,,,,,,,,,,245358.0,899501.0,4,
80075,XYZ,12345,ABCD,OSA,,,Hall,Alice,1948-02-17,78,Person,Yes,,Yes,Yes,Homeowner,Yes,Yes,,Business Telephone,Allowed,617.0,563-555-2318,patriciasmith@example.com,Mailing ,737 Park Ave,New York,NY,55025-9473,65-79: Next Chapters,$100k-$300K: Upper Core,Protect,Equitable,PK-00240,2015-11-02,11,5-10 yrs,Wealth Management/Brokerage,Mutual Fund,Outside Investments,Outside Investments/ Retirement,Direct Fund Accounts,"$100,000 - $149,999",0.3136,2868306.76,227288.0,0.0,0.0,Yes,70000.0,,46000.0,Group B,,,,,,,2026-03-14,Y,Y,,,,,,,,,,,,,,Y,,227288.0,899501.0,4,
80076,XYZ,12345,ABCD,OSA,899478.0,Sophia Lane,Rivera,Dylan,1981-10-06,45,Person,,,No,No,Probably Renter,,,,Home Telephone,Not Allowed,617.0,496-555-8316,michaeljones@example.com,Residence ,6255 Park Ave,New York,NY,72752-3705,40-52: Wealth Builder, $50K-$100K: Middle Core ,Maintain,AXA Equitable,PK-00241,2007-12-21,4,10+ yrs,Individual Retirement,Annuity,Accumulator,Equitable,Guaranteed Growth Annuity,"$60,000 - $99,999",0.4552,6132614.24,390708.0,0.0,0.0,,,93000.0,,Group B,Yes,,,,,,2026-02-03,,Y,,,,,,,Y,,Y,,,Y,,,Y,390708.0,2791566.0,4,
80076,XYZ,12345,ABCD,OSA,993626.0,Oliver Reed,Rivera,Jacob,1963-03-24,63,Person,No,,No,No,Probable Homeowner 90-100,,Yes,,Mobile Telephone,Allowed,617.0,672-555-8354,michaeljones@example.com,Mailing ,6255 Park Ave,New York,NY,72752-3705,53-64: Pre-Retire,$25K-$50K: Lower Core ,Manage,AXA Equitable,PK-00242,2023-02-18,4,2-5 yrs,Life,Life,Fixed Life,Equitable Whole Life,Equitable Whole Life,"$30,000 - $59,999",0.4552,6132614.24,0.0,226406.4,1132032.0,,,,24000.0,Group D,,,,,,,2026-04-14,,,Y,,,,,,,,,Y,,,,,,1132032.0,2791566.0,4,
80076,XYZ,12345,ABCD,OSA,346838.0,Ava Foster,Rivera,Mary,1963-06-20,63,Person,No,Yes,No,No,Probable Homeowner 80-89,,,,Mobile Telephone,Allowed,617.0,828-555-8383,patriciajones@example.com,Mailing ,6255 Park Ave,New York,NY,72752-3705,53-64: Pre-Retire,$25K-$50K: Lower Core ,Manage,Lincoln Life Insurance Annuity Co of NY,PK-00243,2020-06-17,4,2-5 yrs,Equitable Network,Equitable Network Annuity,Equitable Network Annuity,Annuity Contract,Annuity Contract,"<$30,000",0.4552,6132614.24,491571.0,0.0,0.0,,2500.0,2000.0,4000.0,Group D,Yes,,,,,,2026-03-26,,,,,,,,,,,,Y,,,,,,491571.0,2791566.0,4,
80076,XYZ,12345,ABCD,OSA,619914.0,Emma Hayes,Rivera,Gary,1949-04-26,77,Person,Yes,,No,No,Renter,,,,Home Telephone,Not Allowed,617.0,102-555-1166,robertjones@example.com,Mailing ,6255 Park Ave,New York,NY,72752-3705,65-79: Next Chapters,$300K-$1M: Affluent ,Develop,AXA Equitable,PK-00244,2003-09-11,13,10+ yrs,Individual Retirement,Annuity,Accumulator,Income Manager,Rollover IRA,"$100,000 - $149,999",0.4552,6132614.24,777255.0,0.0,0.0,,,80000.0,115000.0,Group B,,,,,,,2026-03-08,Y,Y,,,,,,,,,,,,,,,,777255.0,2791566.0,4,
80077,XYZ,12345,ABCD,OSA,788666.0,Noah Carter,Gonzalez,Nicole,1960-03-25,66,Person,Yes,,Yes,Yes,Homeowner,Yes,Yes,,Business Telephone,Allowed,305.0,468-555-4177,lindajones@example.com,Mailing ,4078 Park Ave,New York,NY,57131-6700,65-79: Next Chapters,$100k-$300K: Upper Core,Protect,Equitable,PK-00245,2015-11-02,7,5-10 yrs,Wealth Management/Brokerage,Mutual Fund,Outside Investments,Outside Investments/ Retirement,Direct Fund Accounts,"$100,000 - $149,999",0.2673,12043262.25,627453.0,0.0,0.0,Yes,70000.0,,46000.0,Group B,,,,,,,2026-02-27,Y,Y,,,,,,,,,,,,,,Y,,627453.0,3219164.0,4,Y
80077,XYZ,12345,ABCD,OSA,993626.0,Oliver Reed,Gonzalez,Mark,1965-03-11,61,Person,,Yes,Yes,No,,Yes,,,Personal Email,Allowed,305.0,752-555-4027,johnjones@example.com,Mailing ,4078 Park Ave,New York,NY,57131-6700,53-64: Pre-Retire,$25K-$50K: Lower Core ,Manage,Equitable,PK-00246,2019-06-25,11,5-10 yrs,Life,Life,Fixed Life,Whole Life 50,Whole Life 50,"$30,000 - $59,999",0.2673,12043262.25,0.0,139222.2,696111.0,,,,14250.0,Group D,,,,,,,2026-02-18,,,Y,,,,,,,,Y,,,,,,,696111.0,3219164.0,4,Y
80077,XYZ,12345,ABCD,OSA,399927.0,Ava Foster,Gonzalez,Gabriel,1997-08-27,29,Person,No,,No,No,Probable Homeowner 90-100,,Yes,,Mobile Telephone,Allowed,305.0,229-555-6926,jamesjones@example.com,Mailing ,4078 Park Ave,New York,NY,57131-6700,<30: Career Starter,$25K-$50K: Lower Core ,Manage,AXA Equitable,PK-00247,2023-02-18,8,2-5 yrs,Life,Life,Fixed Life,Equitable Whole Life,Equitable Whole Life,"$30,000 - $59,999",0.2673,12043262.25,0.0,350115.4,1750577.0,,,,24000.0,Group D,,,,,,,2026-02-10,,Y,,,,,,Y,,,,Y,,,,,,1750577.0,3219164.0,4,Y
80077,XYZ,12345,ABCD,OSA,788666.0,Noah Carter,Gonzalez,Ryan,1958-09-10,68,Person,No,,No,No,Probable Homeowner 90-100,,Yes,,Mobile Telephone,Allowed,305.0,187-555-3834,jamesjones@example.com,Mailing ,4078 Park Ave,New York,NY,57131-6700,65-79: Next Chapters,$25K-$50K: Lower Core ,Manage,AXA Equitable,PK-00248,2023-02-18,13,2-5 yrs,Life,Life,Fixed Life,Equitable Whole Life,Equitable Whole Life,"$30,000 - $59,999",0.2673,12043262.25,0.0,29004.6,145023.0,,,,24000.0,Group D,,,,,,,2026-04-01,,Y,,,,,,,,,,Y,,,,,,145023.0,3219164.0,4,Y
80078,XYZ,12345,ABCD,ASA,602271.0,William Grant,Carter,Nicholas,1951-08-05,75,Person,No,Yes,Yes,No,Probable Homeowner 80-89,,,,Mobile Telephone,Allowed,310.0,389-555-7668,michaelbrown@example.com,Mailing ,6212 Park Ave,New York,NY,49778-3275,65-79: Next Chapters,$25K-$50K: Lower Core ,Manage,Lincoln Life Insurance Annuity Co of NY,PK-00249,2020-06-17,17,2-5 yrs,Equitable Network,Equitable Network Annuity,Equitable Network Annuity,Annuity Contract,Annuity Contract,"<$30,000",0.4647,4656528.94,129313.0,0.0,0.0,,2500.0,2000.0,4000.0,Group D,Yes,,,,,,2026-03-10,,,,Y,,,,,,,,Y,,,,,,129313.0,2163889.0,5,
80078,XYZ,12345,ABCD,ASA,415268.0,William Grant,Carter,Nathan,1973-11-14,53,Person,No,Yes,Yes,No,Probable Homeowner 80-89,,,,Mobile Telephone,Allowed,310.0,252-555-3988,johnbrown@example.com,Mailing ,6212 Park Ave,New York,NY,49778-3275,53-64: Pre-Retire,$25K-$50K: Lower Core ,Manage,Equitable,PK-00250,2024-01-05,3,2-5 yrs,Life,Life,Variable Life,II99,II99,"<$30,000",0.4647,4656528.94,0.0,174238.6,871193.0,,2500.0,2000.0,4000.0,Group D,,,,,,,2026-03-06,,,,,,,,,,,,,,,,Y,,871193.0,2163889.0,5,
80078,XYZ,12345,ABCD,ASA,619914.0,Emma Hayes,Carter,Kenneth,1983-07-25,43,Person,Yes,,No,No,Homeowner,Yes,Yes,,Business Telephone,Allowed,310.0,781-555-5476,michaelbrown@example.com,Mailing ,6212 Park Ave,New York,NY,49778-3275,40-52: Wealth Builder,$100k-$300K: Upper Core,Protect,Equitable,PK-00251,2015-11-02,15,5-10 yrs,Wealth Management/Brokerage,Mutual Fund,Outside Investments,Outside Investments/ Retirement,Direct Fund Accounts,"$100,000 - $149,999",0.4647,4656528.94,401076.0,0.0,0.0,Yes,70000.0,,46000.0,Group B,,,,,,,2026-02-04,Y,Y,,,,,,,,,,,,,,Y,,401076.0,2163889.0,5,
80078,XYZ,12345,ABCD,ASA,415268.0,William Grant,Carter,Heather,1960-01-03,66,Person,Yes,,No,No,Homeowner,Yes,,,Personal Email,Allowed,310.0,395-555-2315,marybrown@example.com,Mailing ,6212 Park Ave,New York,NY,49778-3275,65-79: Next Chapters,$300K-$1M: Affluent ,Develop,Equitable,PK-00252,2018-09-20,2,2-5 yrs,Wealth Management/Brokerage,Mutual Fund,Outside Investments,Outside Investments/ Retirement,Direct Fund Accounts,"$150,000 - $249,999",0.4647,4656528.94,459061.0,0.0,0.0,,110000.0,170000.0,80000.0,Group A,,,,,,,2026-02-05,,,,,,,,,,,,,,,,,,459061.0,2163889.0,5,
80078,XYZ,12345,ABCD,ASA,441896.0,Noah Carter,Carter,Brian,1951-09-13,75,Person,Yes,,No,No,Homeowner,Yes,Yes,,Business Telephone,Allowed,310.0,153-555-2412,johnbrown@example.com,Mailing ,6212 Park Ave,New York,NY,49778-3275,65-79: Next Chapters,$100k-$300K: Upper Core,Protect,Equitable,PK-00253,2015-11-02,4,5-10 yrs,Wealth Management/Brokerage,Mutual Fund,Outside Investments,Outside Investments/ Retirement,Direct Fund Accounts,"$100,000 - $149,999",0.4647,4656528.94,303246.0,0.0,0.0,Yes,70000.0,,46000.0,Group B,,,,,,,2026-04-12,Y,Y,,Y,,,,,,,,,,,,Y,,303246.0,2163889.0,5,
80079,XYZ,12345,ABCD,OSA,993626.0,Oliver Reed,Jenkins,Vincent,2005-04-14,21,Person,,Yes,No,No,Homeowner,,,,Business Telephone,Allowed,212.0,224-555-5095,robertbrown@example.com,Mailing ,8661 Park Ave,New York,NY,99649-1666,<30: Career Starter,$100k-$300K: Upper Core,Protect,Equitable,PK-00254,2016-11-05,9,5-10 yrs,Life,Life,Fixed Life,Term 20,Term 20,"$100,000 - $149,999",0.1208,744089.4,0.0,8988.6,89886.0,,,,156000.0,Group D,,,,,,,2026-02-01,,,,,,,,,,,,,,,,,,89886.0,89886.0,1,
80080,XYZ,12345,ABCD,ASA,993626.0,Oliver Reed,Gonzales,Sandra,1959-07-11,67,Person,Yes,,Yes,Yes,Homeowner,Yes,,,Home Telephone,Allowed,305.0,389-555-7598,jennifermiller@example.com,Mailing ,373 Park Ave,New York,NY,99321-1635,65-79: Next Chapters,$1M+: Wealth ,Develop,AXA Equitable,PK-00255,1995-03-15,10,2-5 yrs,Individual Retirement,Annuity,Accumulator,Equitable,Accumulator Plus IRA,"$150,000 - $249,999",0.5538,41083.42,7523.0,0.0,0.0,,110000.0,170000.0,80000.0,Group A,Yes,,,,,,2026-02-26,,,,,,,,,,,Y,,,,,,,7523.0,22752.0,2,
80080,XYZ,12345,ABCD,ASA,619914.0,Emma Hayes,Gonzales,Barbara,1945-01-09,81,Person,Yes,,Yes,Yes,Probably Renter,,,,Home Telephone,Allowed,305.0,615-555-9455,jennifermiller@example.com,Mailing ,373 Park Ave,New York,NY,99321-1635,80+: Legacy,$1M+: Wealth ,Develop,AXA Equitable,PK-00256,1998-10-14,11,10+ yrs,Individual Retirement,Annuity,Accumulator,Income Manager,Accumulator NQ,"$500,000+",0.5538,41083.42,15229.0,0.0,0.0,,,2520000.0,,Group B,,,,,,,2026-04-14,,,Y,,,,,,,,,,,,,,,15229.0,22752.0,2,
80081,XYZ,12345,ABCD,OSA,886843.0,Liam Nelson,Graham,Gabriel,2004-02-17,22,Person,Yes,,Yes,No,Homeowner,,Yes,,Business Telephone,Allowed,617.0,427-555-6089,johnjones@example.com,Mailing ,8042 Park Ave,New York,NY,15352-2293,<30: Career Starter,$100k-$300K: Upper Core,Maintain,Brighthouse Life Insurance Company,PK-00257,2016-02-24,12,5-10 yrs,Equitable Network,Equitable Network Life,Equitable Network Life,Life Contract,Life Contract,"$100,000 - $149,999",0.8967,33556.37,8690.0,0.0,0.0,,,,,Group B,,,,,,,2026-02-09,,,,,,,,,,,Y,,,,,,,8690.0,30090.0,2,
80081,XYZ,12345,ABCD,OSA,619914.0,Emma Hayes,Graham,Dylan,1992-04-28,34,Person,Yes,,No,Yes,Homeowner,,,,Home Telephone,Allowed,617.0,753-555-8175,johnjones@example.com,Mailing ,8042 Park Ave,New York,NY,15352-2293,30-40: Life Builder,$300K-$1M: Affluent ,Develop,Genworth Life Insurance Company,PK-00258,2001-07-19,14,10+ yrs,Equitable Network,Equitable Network Life,Equitable Network Life,Life Contract,Life Contract,"$150,000 - $249,999",0.8967,33556.37,21400.0,0.0,0.0,,,,,Group B,,,,,,,2026-03-04,,Y,,,,,,,,,,,Y,,,,,21400.0,30090.0,2,
80082,XYZ,12345,ABCD,OSA,619914.0,Emma Hayes,Powell,Joe,1958-07-11,68,Person,No,Yes,No,Yes,Probable Homeowner 80-89,,,,Mobile Telephone,Allowed,212.0,224-555-3617,robertwilliams@example.com,Mailing ,543 Park Ave,New York,NY,17060-4343,65-79: Next Chapters,$25K-$50K: Lower Core ,Manage,Lincoln Life Insurance Annuity Co of NY,PK-00259,2020-06-17,8,2-5 yrs,Equitable Network,Equitable Network Annuity,Equitable Network Annuity,Annuity Contract,Annuity Contract,"<$30,000",0.1009,422180.38,19949.0,0.0,0.0,,2500.0,2000.0,4000.0,Group D,Yes,,,,,,2026-03-17,,Y,,,,,,,,,,Y,,,,,,19949.0,42598.0,2,
80082,XYZ,12345,ABCD,OSA,619914.0,Emma Hayes,Powell,Terry,1991-08-15,35,Person,,,Yes,No,,,,,,,212.0,425-555-7679,michaelwilliams@example.com,Mailing ,543 Park Ave,New York,NY,17060-4343,30-40: Life Builder,$1M+: Wealth ,Develop,AXA Equitable,PK-00260,1998-10-14,14,10+ yrs,Individual Retirement,Annuity,Accumulator,Income Manager,Accumulator NQ,"$500,000+",0.1009,422180.38,22649.0,0.0,0.0,,,2520000.0,,Group B,,,,,,,2026-03-18,,,,,,,,,,,,,,,,,,22649.0,42598.0,2,
80083,XYZ,12345,ABCD,OSA,296118.0,Olivia Brooks,Martin,Zachary,1988-10-25,38,Person,Yes,,No,Yes,Homeowner,Yes,,,Personal Email,Allowed,415.0,151-555-3519,robertwilliams@example.com,Mailing ,7589 Park Ave,New York,NY,79391-1589,30-40: Life Builder,$300K-$1M: Affluent ,Develop,Equitable,PK-00261,2018-09-20,12,2-5 yrs,Wealth Management/Brokerage,Mutual Fund,Outside Investments,Outside Investments/ Retirement,Direct Fund Accounts,"$150,000 - $249,999",0.0365,527917.81,19269.0,0.0,0.0,,110000.0,170000.0,80000.0,Group A,,,,,,,2026-04-29,,,,,,,,,,,,,,,,,,19269.0,19269.0,1,
80084,XYZ,12345,ABCD,OSA,,,Bennett,Joyce,1956-04-23,70,Person,No,Yes,Yes,Yes,Probable Homeowner 80-89,,,,Mobile Telephone,Allowed,415.0,593-555-3929,lindajohnson@example.com,Mailing ,4967 Park Ave,New York,NY,29151-7716,65-79: Next Chapters,$25K-$50K: Lower Core ,Manage,Lincoln Life Insurance Annuity Co of NY,PK-00262,2020-06-17,11,2-5 yrs,Equitable Network,Equitable Network Annuity,Equitable Network Annuity,Annuity Contract,Annuity Contract,"<$30,000",0.7359,20665.85,8390.0,0.0,0.0,,2500.0,2000.0,4000.0,Group D,Yes,,,,,,2026-04-02,,Y,,Y,,,,,,,,Y,,,,,,8390.0,15208.0,2,
80084,XYZ,12345,ABCD,OSA,,,Bennett,Eugene,1991-05-11,35,Person,Yes,,No,No,Homeowner,Yes,,,Personal Email,Allowed,415.0,636-555-8074,michaeljohnson@example.com,Mailing ,4967 Park Ave,New York,NY,29151-7716,30-40: Life Builder,$300K-$1M: Affluent ,Develop,Equitable,PK-00263,2018-09-20,8,2-5 yrs,Wealth Management/Brokerage,Mutual Fund,Outside Investments,Outside Investments/ Retirement,Direct Fund Accounts,"$150,000 - $249,999",0.7359,20665.85,6818.0,0.0,0.0,,110000.0,170000.0,80000.0,Group A,,,,,,,2026-04-12,,Y,Y,,,,,,,,,,,,,,,6818.0,15208.0,2,
80085,XYZ,12345,ABCD,OSA,619914.0,Emma Hayes,Baker,Teresa,1963-04-17,63,Person,Yes,,Yes,Yes,Renter,,,,Home Telephone,Not Allowed,305.0,146-555-9080,jenniferbrown@example.com,Mailing ,5291 Park Ave,New York,NY,46521-8229,53-64: Pre-Retire,$300K-$1M: Affluent ,Develop,AXA Equitable,PK-00264,2003-09-11,15,10+ yrs,Individual Retirement,Annuity,Accumulator,Income Manager,Rollover IRA,"$100,000 - $149,999",0.6911,30358.85,20981.0,0.0,0.0,,,80000.0,115000.0,Group B,,,,,,,2026-03-24,Y,,,,,,,,,,,,,,,,,20981.0,20981.0,1,
80086,XYZ,12345,ABCD,ASA,415268.0,William Grant,Sullivan,Laura,1993-08-28,33,Person,Yes,,No,No,Homeowner,,Yes,,Business Telephone,Allowed,617.0,770-555-7086,jenniferwilliams@example.com,Mailing ,1505 Park Ave,New York,NY,12662-5273,30-40: Life Builder,$100k-$300K: Upper Core,Maintain,Brighthouse Life Insurance Company,PK-00265,2016-02-24,7,5-10 yrs,Equitable Network,Equitable Network Life,Equitable Network Life,Life Contract,Life Contract,"$100,000 - $149,999",0.0992,76401.21,7579.0,0.0,0.0,,,,,Group B,,,,,,,2026-01-31,,Y,Y,,,,,,,,Y,,,,,,,7579.0,7579.0,1,
80087,XYZ,12345,ABCD,ASA,788666.0,Noah Carter,Lee,Grace,1989-09-15,37,Person,Yes,,Yes,Yes,Homeowner,,,,Home Telephone,Allowed,310.0,635-555-5574,jenniferbrown@example.com,Mailing ,9281 Park Ave,New York,NY,71908-5133,30-40: Life Builder,$300K-$1M: Affluent ,Develop,Genworth Life Insurance Company,PK-00266,2001-07-19,12,10+ yrs,Equitable Network,Equitable Network Life,Equitable Network Life,Life Contract,Life Contract,"$150,000 - $249,999",0.6295,13347.1,8402.0,0.0,0.0,,,,,Group B,,,,,,,2026-03-03,,Y,Y,,,,,,,,,,Y,,,,,8402.0,8402.0,1,Y
80088,XYZ,12345,ABCD,OSA,,,Smith,Wayne,1984-09-08,42,Person,,,Yes,No,Homeowner,,,,Home Telephone,Allowed,305.0,958-555-1103,michaeljones@example.com,Mailing ,4696 Park Ave,New York,NY,30330-4873,40-52: Wealth Builder,$300K-$1M: Affluent ,Protect,Equitable,PK-00267,2008-04-22,9,5-10 yrs,Life,Life,Fixed Life,Whole Life 100,Whole Life 100,"$100,000 - $149,999",0.4223,155287.71,0.0,5748.8,57488.0,Yes,,,156000.0,Group D,,,,,,,2026-02-12,Y,,,,,,,,,,,,,Y,,,,57488.0,65578.0,2,
80088,XYZ,12345,ABCD,OSA,886843.0,Liam Nelson,Smith,Andrew,1961-08-03,65,Person,No,Yes,No,No,Probable Homeowner 80-89,,,,Mobile Telephone,Allowed,305.0,626-555-4453,michaeljones@example.com,Mailing ,4696 Park Ave,New York,NY,30330-4873,65-79: Next Chapters,$25K-$50K: Lower Core ,Manage,Lincoln Life Insurance Annuity Co of NY,PK-00268,2020-06-17,15,2-5 yrs,Equitable Network,Equitable Network Annuity,Equitable Network Annuity,Annuity Contract,Annuity Contract,"<$30,000",0.4223,155287.71,8090.0,0.0,0.0,,2500.0,2000.0,4000.0,Group D,Yes,,,,,,2026-04-16,,,Y,,,Y,,,,,,Y,,,,,,8090.0,65578.0,2,
80089,XYZ,12345,ABCD,OSA,993626.0,Oliver Reed,Jordan,Linda,1962-02-27,64,Person,,,No,Yes,,,,Yes,,Allowed,305.0,860-555-8127,jenniferdavis@example.com,Business,1404 Park Ave,New York,NY,31977-3456,53-64: Pre-Retire,$1M+: Wealth ,Develop,MLOA,PK-00269,2020-01-15,9,5-10 yrs,Life,Life,Variable Life,Incentive Life Legecy,Incentive Life Legecy,"$500,000+",0.3372,380358.84,0.0,12825.7,128257.0,,,,2280000.0,Group B,,,,,,,2026-04-02,,Y,,,,,,,,,,,Y,,,,,128257.0,128257.0,1,
80090,XYZ,12345,ABCD,ASA,346838.0,Ava Foster,Bell,Edward,1956-01-17,70,Person,,,No,Yes,,,,Yes,,Allowed,415.0,444-555-1885,johngarcia@example.com,Business,7058 Park Ave,New York,NY,26053-9545,65-79: Next Chapters,$1M+: Wealth ,Develop,Equitable,PK-00270,2019-10-01,6,5-10 yrs,Life,Life,Interest Sensitive,Univeral Life 2002,Univeral Life 2002,"$500,000+",0.8928,117743.06,0.0,8896.8,88968.0,,,,3430000.0,Group B,,,,,,,2026-03-21,,,,Y,,,,,Y,,,,,,,,,88968.0,105121.0,2,
80090,XYZ,12345,ABCD,ASA,399927.0,Ava Foster,Bell,Patrick,1997-07-19,29,Person,No,Yes,No,Yes,,,,,Mobile Telephone,Allowed,415.0,551-555-3405,johngarcia@example.com,Mailing ,7058 Park Ave,New York,NY,26053-9545,<30: Career Starter,$25K-$50K: Lower Core ,Manage,Equitable,PK-00271,2022-08-09,8,2-5 yrs,Wealth Management/Brokerage,Mutual Fund,Outside Investments,Outside Investments/ Retirement,Direct Fund Accounts,"<$30,000",0.8928,117743.06,16153.0,0.0,0.0,,2500.0,2000.0,4000.0,Group D,Yes,,,,,,2026-02-11,,Y,,,,,,,,,,,,,,,,16153.0,105121.0,2,
80091,XYZ,12345,ABCD,OSA,788666.0,Noah Carter,Edwards,Kayla,1980-12-27,46,Person,Yes,,No,Yes,Homeowner,,Yes,,Business Telephone,Allowed,305.0,180-555-7252,marywilliams@example.com,Mailing ,1837 Park Ave,New York,NY,60887-3903,40-52: Wealth Builder,$100k-$300K: Upper Core,Maintain,Brighthouse Life Insurance Company,PK-00272,2016-02-24,6,5-10 yrs,Equitable Network,Equitable Network Life,Equitable Network Life,Life Contract,Life Contract,"$100,000 - $149,999",0.8134,13693.14,11138.0,0.0,0.0,,,,,Group B,,,,,,,2026-04-14,,Y,,,,,,,,,Y,,,,,,,11138.0,11138.0,1,
80092,XYZ,12345,ABCD,OSA,899478.0,Sophia Lane,Simmons,Doris,1951-07-20,75,Person,Yes,,Yes,No,Homeowner,Yes,,,Personal Email,Allowed,310.0,495-555-6282,marydavis@example.com,Mailing ,6548 Park Ave,New York,NY,48297-6611,65-79: Next Chapters,$300K-$1M: Affluent ,Develop,Equitable,PK-00273,2018-09-20,12,2-5 yrs,Wealth Management/Brokerage,Mutual Fund,Outside Investments,Outside Investments/ Retirement,Direct Fund Accounts,"$150,000 - $249,999",0.6818,27845.41,18985.0,0.0,0.0,,110000.0,170000.0,80000.0,Group A,,,,,,,2026-02-01,,Y,,Y,,,,,,,,,,,,,,18985.0,18985.0,1,
80093,XYZ,12345,ABCD,OSA,886843.0,Liam Nelson,Turner,Brian,1982-10-12,44,Person,No,Yes,No,No,Probable Homeowner 80-89,,,,Mobile Telephone,Allowed,310.0,406-555-1393,johndavis@example.com,Mailing ,8807 Park Ave,New York,NY,43465-7889,40-52: Wealth Builder,$25K-$50K: Lower Core ,Manage,Equitable,PK-00274,2024-01-05,11,2-5 yrs,Life,Life,Variable Life,II99,II99,"<$30,000",0.5703,127860.78,0.0,7291.9,72919.0,,2500.0,2000.0,4000.0,Group D,,,,,,,2026-04-30,,,,,,,,,,,,,,,,Y,,72919.0,72919.0,1,
80094,XYZ,12345,ABCD,OSA,415268.0,William Grant,Butler,Ronald,1983-10-13,43,Person,No,Yes,No,Yes,,,,,Mobile Telephone,Allowed,310.0,351-555-7453,robertmiller@example.com,Mailing ,6727 Park Ave,New York,NY,74314-2539,40-52: Wealth Builder,$25K-$50K: Lower Core ,Manage,Equitable,PK-00275,2022-08-09,7,2-5 yrs,Wealth Management/Brokerage,Mutual Fund,Outside Investments,Outside Investments/ Retirement,Direct Fund Accounts,"<$30,000",0.176,107431.82,18908.0,0.0,0.0,,2500.0,2000.0,4000.0,Group D,Yes,,,,,,2026-03-03,,Y,,,,,,,,,,,,,,,,18908.0,18908.0,1,
80095,XYZ,12345,ABCD,OSA,752257.0,Sophia Lane,Hughes,Katherine,1956-01-02,70,Person,No,Yes,Yes,No,Probable Homeowner 80-89,,,,Mobile Telephone,Allowed,212.0,862-555-6598,jenniferwilliams@example.com,Mailing ,2092 Park Ave,New York,NY,61909-2698,65-79: Next Chapters,$25K-$50K: Lower Core ,Manage,Lincoln Life Insurance Annuity Co of NY,PK-00276,2020-06-17,11,2-5 yrs,Equitable Network,Equitable Network Annuity,Equitable Network Annuity,Annuity Contract,Annuity Contract,"<$30,000",0.104,306019.23,10999.0,0.0,0.0,,2500.0,2000.0,4000.0,Group D,Yes,,,,,,2026-04-13,,Y,,Y,,,,,,,,Y,,Y,,,,10999.0,31826.0,2,
80095,XYZ,12345,ABCD,OSA,619914.0,Emma Hayes,Hughes,Nicholas,1950-12-07,76,Person,Yes,,No,Yes,Homeowner,Yes,,,Home Telephone,Allowed,212.0,732-555-7724,jameswilliams@example.com,Mailing ,2092 Park Ave,New York,NY,61909-2698,65-79: Next Chapters,$1M+: Wealth ,Develop,AXA Equitable,PK-00277,1995-03-15,10,2-5 yrs,Individual Retirement,Annuity,Accumulator,Equitable,Accumulator Plus IRA,"$150,000 - $249,999",0.104,306019.23,20827.0,0.0,0.0,,110000.0,170000.0,80000.0,Group A,Yes,,,,,,2026-03-16,,Y,Y,,,,,,,,Y,,,,,,,20827.0,31826.0,2,
80096,XYZ,12345,ABCD,ASA,399927.0,Ava Foster,Wood,Louis,1977-11-05,49,Person,,,No,Yes,Probably Renter,,,,Home Telephone,Not Allowed,617.0,150-555-5081,jamessmith@example.com,Residence ,257 Park Ave,New York,NY,16698-9728,40-52: Wealth Builder, $50K-$100K: Middle Core ,Maintain,AXA Equitable,PK-00278,2007-12-21,10,10+ yrs,Individual Retirement,Annuity,Accumulator,Equitable,Guaranteed Growth Annuity,"$60,000 - $99,999",0.6404,35118.68,22490.0,0.0,0.0,,,93000.0,,Group B,Yes,,,,,,2026-03-06,,,,,,,,,,,Y,,,,,,Y,22490.0,22490.0,1,Y
80097,XYZ,12345,ABCD,OSA,788666.0,Noah Carter,Alvarez,Bruce,1953-09-17,73,Person,Yes,,No,Yes,,,,,Home Telephone,Allowed,212.0,704-555-1755,johnwilliams@example.com,Mailing ,7179 Park Ave,New York,NY,60662-9276,65-79: Next Chapters,$100k-$300K: Upper Core,Develop,Equitable,PK-00279,2012-05-19,13,10+ yrs,Life,Life,Fixed Life,Term 30,Term 30,"$100,000 - $149,999",0.1328,1846754.52,0.0,22328.0,223280.0,Yes,,,115000.0,Group D,,,,,,,2026-03-15,,Y,,Y,,,,,,,,,,,,,,223280.0,245249.0,2,Y
80097,XYZ,12345,ABCD,OSA,399927.0,Ava Foster,Alvarez,Karen,2001-07-02,25,Person,Yes,,No,Yes,Homeowner,Yes,,,Home Telephone,Allowed,212.0,940-555-4877,jenniferwilliams@example.com,Mailing ,7179 Park Ave,New York,NY,60662-9276,<30: Career Starter,$1M+: Wealth ,Develop,AXA Equitable,PK-00280,1995-03-15,11,2-5 yrs,Individual Retirement,Annuity,Accumulator,Equitable,Accumulator Plus IRA,"$150,000 - $249,999",0.1328,1846754.52,21969.0,0.0,0.0,,110000.0,170000.0,80000.0,Group A,Yes,,,,,,2026-04-17,,,,,,,,,,,Y,,,,,,,21969.0,245249.0,2,Y
80098,XYZ,12345,ABCD,OSA,788666.0,Noah Carter,Sanchez,Jacqueline,1980-07-06,46,Person,,,Yes,Yes,,,,,,,310.0,559-555-9780,jennifersmith@example.com,Mailing ,5475 Park Ave,New York,NY,90142-5389,40-52: Wealth Builder,$25K-$50K: Lower Core ,Manage,Equitable,PK-00281,2019-06-25,13,5-10 yrs,Life,Life,Fixed Life,Whole Life 50,Whole Life 50,"$30,000 - $59,999",0.8116,100460.82,0.0,8153.4,81534.0,,,,14250.0,Group D,,,,,,,2026-03-27,,,,,,,,,,,Y,,,,,,,81534.0,81534.0,1,
80099,XYZ,12345,ABCD,ASA,619914.0,Emma Hayes,Bailey,Patrick,1995-04-03,31,Person,Yes,,No,No,Homeowner,Yes,Yes,,Business Telephone,Allowed,212.0,965-555-3274,michaelwilliams@example.com,Mailing ,8526 Park Ave,New York,NY,13215-3881,30-40: Life Builder,$100k-$300K: Upper Core,Protect,Equitable,PK-00282,2015-11-02,7,5-10 yrs,Wealth Management/Brokerage,Mutual Fund,Outside Investments,Outside Investments/ Retirement,Direct Fund Accounts,"$100,000 - $149,999",0.7583,14219.97,10783.0,0.0,0.0,Yes,70000.0,,46000.0,Group B,,,,,,,2026-02-14,Y,,Y,,,,,,,,,,,,,Y,,10783.0,10783.0,1,
80100,XYZ,12345,ABCD,OSA,886843.0,Liam Nelson,Perry,Shirley,2003-05-02,23,Person,Yes,,No,Yes,Homeowner,Yes,,,Personal Email,Allowed,212.0,294-555-2312,lindajohnson@example.com,Mailing ,7499 Park Ave,New York,NY,41362-5814,<30: Career Starter,$300K-$1M: Affluent ,Develop,Genworth Life Insurance Company,PK-00283,2010-06-12,14,2-5 yrs,Equitable Network,Equitable Network Life,Equitable Network Life,Life Contract,Life Contract,"$150,000 - $249,999",0.5244,31781.08,16666.0,0.0,0.0,,110000.0,170000.0,80000.0,Group A,,,,,,,2026-04-20,,,,,,,,,,,,Y,,,,,,16666.0,16666.0,1,
80101,XYZ,12345,ABCD,OSA,752257.0,Sophia Lane,Cox,Dennis,1995-10-18,31,Person,Yes,,Yes,No,Homeowner,,,,Home Telephone,Allowed,212.0,183-555-6585,robertwilliams@example.com,Mailing ,5745 Park Ave,New York,NY,80392-6761,30-40: Life Builder,$300K-$1M: Affluent ,Develop,Genworth Life Insurance Company,PK-00284,2001-07-19,11,10+ yrs,Equitable Network,Equitable Network Life,Equitable Network Life,Life Contract,Life Contract,"$150,000 - $249,999",0.2311,48887.93,11298.0,0.0,0.0,,,,,Group B,,,,,,,2026-03-27,,Y,,,,,,,,,,,Y,,,,,11298.0,11298.0,1,
80102,XYZ,12345,ABCD,ASA,296118.0,Olivia Brooks,Cook,Sara,1951-04-20,75,Person,Yes,,No,No,Homeowner,Yes,,,Personal Email,Allowed,415.0,285-555-3970,lindamiller@example.com,Mailing ,1377 Park Ave,New York,NY,70905-1338,65-79: Next Chapters,$300K-$1M: Affluent ,Develop,Genworth Life Insurance Company,PK-00285,2010-06-12,7,2-5 yrs,Equitable Network,Equitable Network Life,Equitable Network Life,Life Contract,Life Contract,"$150,000 - $249,999",0.3323,60297.92,20037.0,0.0,0.0,,110000.0,170000.0,80000.0,Group A,,,,,,,2026-02-01,,,Y,Y,,,,,,,,Y,,,,,,20037.0,20037.0,1,
80103,XYZ,12345,ABCD,ASA,346838.0,Ava Foster,Robinson,Denise,1999-08-18,27,Person,Yes,,Yes,Yes,Homeowner,,,,Home Telephone,Allowed,212.0,195-555-8488,patriciamiller@example.com,Mailing ,5269 Park Ave,New York,NY,90842-8005,<30: Career Starter,$300K-$1M: Affluent ,Develop,Genworth Life Insurance Company,PK-00286,2001-07-19,12,10+ yrs,Equitable Network,Equitable Network Life,Equitable Network Life,Life Contract,Life Contract,"$150,000 - $249,999",0.4062,86964.55,19818.0,0.0,0.0,,,,,Group B,,,,,,,2026-04-05,,,Y,,,,,,,,,,Y,,,,,19818.0,35325.0,2,
80103,XYZ,12345,ABCD,ASA,619914.0,Emma Hayes,Robinson,Margaret,1969-01-01,57,Person,Yes,,Yes,No,Probably Renter,,,,Home Telephone,Allowed,212.0,668-555-8346,patriciamiller@example.com,Mailing ,5269 Park Ave,New York,NY,90842-8005,53-64: Pre-Retire,$1M+: Wealth ,Develop,AXA Equitable,PK-00287,1998-10-14,10,10+ yrs,Individual Retirement,Annuity,Accumulator,Income Manager,Accumulator NQ,"$500,000+",0.4062,86964.55,15507.0,0.0,0.0,,,2520000.0,,Group B,,,,,,,2026-03-05,,Y,Y,,,,,,,,,,,,,,,15507.0,35325.0,2,
80104,XYZ,12345,ABCD,OSA,399927.0,Ava Foster,Ramirez,Judy,2000-11-27,26,Person,,,No,No,Probably Renter,,,,Home Telephone,Not Allowed,415.0,892-555-7960,maryjohnson@example.com,Residence ,8716 Park Ave,New York,NY,60739-7552,<30: Career Starter, $50K-$100K: Middle Core ,Maintain,AXA Equitable,PK-00288,2007-12-21,11,10+ yrs,Individual Retirement,Annuity,Accumulator,Equitable,Guaranteed Growth Annuity,"$60,000 - $99,999",0.3733,37222.07,13895.0,0.0,0.0,,,93000.0,,Group B,Yes,,,,,,2026-03-16,,Y,,,,,,,Y,,Y,,,,,,Y,13895.0,13895.0,1,
80105,XYZ,12345,ABCD,OSA,296118.0,Olivia Brooks,Coleman,Bruce,1981-09-14,45,Person,No,Yes,Yes,No,Probable Homeowner 80-89,,,,Mobile Telephone,Allowed,305.0,845-555-2918,jamesjohnson@example.com,Mailing ,9070 Park Ave,New York,NY,61139-4563,40-52: Wealth Builder,$25K-$50K: Lower Core ,Manage,Lincoln Life Insurance Annuity Co of NY,PK-00289,2020-06-17,14,2-5 yrs,Equitable Network,Equitable Network Annuity,Equitable Network Annuity,Annuity Contract,Annuity Contract,"<$30,000",0.7441,10267.44,7640.0,0.0,0.0,,2500.0,2000.0,4000.0,Group D,Yes,,,,,,2026-02-24,,,,,,,,,,,,Y,,,,,,7640.0,7640.0,1,Y
80106,XYZ,12345,ABCD,ASA,993626.0,Oliver Reed,Alexander,Matthew,1951-02-08,75,Person,Yes,,No,No,Homeowner,,Yes,,Business Telephone,Allowed,305.0,601-555-4378,michaelwilliams@example.com,Mailing ,1305 Park Ave,New York,NY,77648-7424,65-79: Next Chapters,$100k-$300K: Upper Core,Maintain,Brighthouse Life Insurance Company,PK-00290,2016-02-24,9,5-10 yrs,Equitable Network,Equitable Network Life,Equitable Network Life,Life Contract,Life Contract,"$100,000 - $149,999",0.6618,21032.03,13919.0,0.0,0.0,,,,,Group B,,,,,,,2026-04-20,,,,Y,,,,,,,Y,,,,,,,13919.0,13919.0,1,
80107,XYZ,12345,ABCD,OSA,886843.0,Liam Nelson,Jones,Jerry,1969-07-23,57,Person,,Yes,Yes,No,Homeowner,,,,Business Telephone,Allowed,212.0,675-555-3677,jamesjohnson@example.com,Mailing ,9218 Park Ave,New York,NY,47496-5406,53-64: Pre-Retire,$100k-$300K: Upper Core,Protect,Equitable,PK-00291,2016-11-05,14,5-10 yrs,Life,Life,Fixed Life,Term 20,Term 20,"$100,000 - $149,999",0.0976,974446.72,0.0,9510.6,95106.0,,,,156000.0,Group D,,,,,,,2026-04-12,,,,,,,,,,,,,,,,,,95106.0,95106.0,1,
80108,XYZ,12345,ABCD,ASA,993626.0,Oliver Reed,Nexus Solutions,,1985-06-15,41,Organization,,,,,,,,Yes,,,,,nexus solutions@example.com,Business,427 Park Ave,New York,NY,48213-4768,,$1M+: Wealth ,Develop,Equitable,PK-00292,2010-09-10,13,10+ yrs,Life,Life,Fixed Life,Life Paidup at 95,Life Paidup at 95,"$500,000+",0.7778,212725.64,0.0,16545.8,165458.0,,,,3850000.0,Group B,,,,,,,2026-04-12,,Y,,,,,,,,,,Y,,,,,,165458.0,165458.0,1,Y
80109,XYZ,12345,ABCD,OSA,752257.0,Sophia Lane,Diaz,Diana,1980-03-13,46,Person,Yes,,No,No,Homeowner,Yes,Yes,,Business Telephone,Allowed,617.0,749-555-5663,patriciasmith@example.com,Mailing ,9444 Park Ave,New York,NY,24209-5130,40-52: Wealth Builder,$100k-$300K: Upper Core,Protect,Equitable,PK-00293,2015-11-02,13,5-10 yrs,Wealth Management/Brokerage,Mutual Fund,Outside Investments,Outside Investments/ Retirement,Direct Fund Accounts,"$100,000 - $149,999",0.7246,21384.21,15495.0,0.0,0.0,Yes,70000.0,,46000.0,Group B,,,,,,,2026-04-22,Y,,,,,,,,,,,,,,,Y,,15495.0,15495.0,1,
80110,XYZ,12345,ABCD,OSA,306776.0,Liam Nelson,Ramos,Kevin,1986-09-05,40,Person,No,Yes,No,No,,,,,Mobile Telephone,Allowed,617.0,735-555-2126,jamesgarcia@example.com,Mailing ,9827 Park Ave,New York,NY,47634-4141,30-40: Life Builder,$25K-$50K: Lower Core ,Manage,Equitable,PK-00294,2022-08-09,14,2-5 yrs,Wealth Management/Brokerage,Mutual Fund,Outside Investments,Outside Investments/ Retirement,Direct Fund Accounts,"<$30,000",0.4864,18597.86,9046.0,0.0,0.0,,2500.0,2000.0,4000.0,Group D,Yes,,,,,,2026-03-26,,Y,,,,,,,,,,,,,,,,9046.0,9046.0,1,
80111,XYZ,12345,ABCD,OSA,,,Lopez,Brittany,1983-02-12,43,Person,,,No,No,Homeowner,,,,Home Telephone,Allowed,617.0,782-555-5136,lindajones@example.com,Mailing ,3759 Park Ave,New York,NY,58637-5949,40-52: Wealth Builder,$300K-$1M: Affluent ,Protect,Equitable,PK-00295,2008-04-22,13,5-10 yrs,Life,Life,Fixed Life,Whole Life 100,Whole Life 100,"$100,000 - $149,999",0.3941,126884.04,0.0,5000.5,50005.0,Yes,,,156000.0,Group D,,,,,,,2026-04-30,Y,,,,,,,,,,,,,Y,,,,50005.0,50005.0,1,
80112,XYZ,12345,ABCD,OSA,399927.0,Ava Foster,Cooper,Andrea,2003-05-06,23,Person,Yes,,Yes,Yes,Homeowner,Yes,Yes,,Business Telephone,Allowed,617.0,271-555-7055,lindawilliams@example.com,Mailing ,266 Park Ave,New York,NY,12632-6456,<30: Career Starter,$100k-$300K: Upper Core,Protect,Equitable,PK-00296,2015-11-02,14,5-10 yrs,Wealth Management/Brokerage,Mutual Fund,Outside Investments,Outside Investments/ Retirement,Direct Fund Accounts,"$100,000 - $149,999",0.5155,21340.45,11001.0,0.0,0.0,Yes,70000.0,,46000.0,Group B,,,,,,,2026-04-03,Y,Y,,,,,,,,,,,,,,Y,,11001.0,11001.0,1,
80113,XYZ,12345,ABCD,ASA,306776.0,Liam Nelson,Fisher,James,1975-04-15,51,Person,,,No,No,,,,,,,305.0,176-555-2748,michaelbrown@example.com,Mailing ,7071 Park Ave,New York,NY,74611-1086,40-52: Wealth Builder,$25K-$50K: Lower Core ,Manage,Equitable,PK-00297,2024-01-05,13,2-5 yrs,Equitable Network,Life,Variable Life,II99,II99,"<$30,000",0.0855,173216.37,14810.0,0.0,0.0,,2500.0,2000.0,4000.0,Group D,,,,,,,2026-03-09,,,,,,,,,,,,,,,,Y,,14810.0,14810.0,1,
80114,XYZ,12345,ABCD,OSA,354432.0,Emma Hayes,Blue Horizon LLC,,1985-06-15,41,Organization,,,,,,,,,,,,,blue horizon llc@example.com,Mailing ,2764 Park Ave,New York,NY,81852-6541,,$300K-$1M: Affluent ,Develop,Genworth Life Insurance Company,PK-00298,2010-06-12,8,2-5 yrs,Equitable Network,Equitable Network Life,Equitable Network Life,Life Contract,Life Contract,"$150,000 - $249,999",0.1966,214211.6,19819.0,0.0,0.0,,110000.0,170000.0,80000.0,Group A,,,,,,,2026-04-10,,Y,,,,,,,,,,Y,,,,,,19819.0,42114.0,2,
80114,XYZ,12345,ABCD,OSA,296118.0,Olivia Brooks,Blue Horizon LLC,,1985-06-15,41,Organization,,,,,,,,,,,,,blue horizon llc@example.com,Mailing ,2764 Park Ave,New York,NY,81852-6541,,$25K-$50K: Lower Core ,Manage,Equitable,PK-00299,2022-08-09,8,2-5 yrs,Wealth Management/Brokerage,Mutual Fund,Outside Investments,Outside Investments/ Retirement,Direct Fund Accounts,"<$30,000",0.1966,214211.6,22295.0,0.0,0.0,,2500.0,2000.0,4000.0,Group D,Yes,,,,,,2026-02-12,,,,,,,,,,,,,,,,,,22295.0,42114.0,2,
80115,XYZ,12345,ABCD,ASA,886843.0,Liam Nelson,Gray,Karen,1990-06-20,36,Person,,,Yes,No,,,,,,,310.0,109-555-7837,patriciasmith@example.com,Mailing ,2700 Park Ave,New York,NY,58431-6989,30-40: Life Builder,$300K-$1M: Affluent ,Develop,Equitable,PK-00300,2018-09-20,13,2-5 yrs,Wealth Management/Brokerage,Mutual Fund,Outside Investments,Outside Investments/ Retirement,Direct Fund Accounts,"$150,000 - $249,999",0.5059,25546.55,12924.0,0.0,0.0,,110000.0,170000.0,80000.0,Group A,,,,,,,2026-02-05,,,,,,,,,,,,,,,,,,12924.0,12924.0,1,
